NOM_POBLAD,hosp_in_10km
RIEGOPAMPA,0
YANAPAMPA,0
PUMARINRI,0
TONGLA GRANDE,0
ALPAYACU,0
TOCLAPATA,0
ISCOPAMPA,0
COLPA,0
RAGAS,0
PAGSAG,0
ULARAGRA,0
URA PORIS,0
MANI,0
SILCAY,0
PACAL,0
UTCAS,0
SHAMPAY,0
MALALIN,0
SISCAN,0
HUAMANACA,0
COCHAPAMPA,0
PUQUIOG,0
QUEROCHANCAY,0
HUARNIJIRCA,0
ASTOBAMBA,0
CUNAN,0
FLORIDA,0
CHUNCHUILCA,0
AMBAROCO,0
PUMACOCHA,0
HUMACAYAN,0
CRUZCANCHA,0
TABIN,0
SAQUICOCHA,0
YUPAGCANCHA,0
MACANACOTO,0
MITOALANA,0
HUAYLASTOCLANCA,0
COPA,0
PUQUIAN,0
TUPIAC,0
HUAYLLAPA,0
CHECCHI,0
RANGRAPATA,0
YANCO,0
MALVADO,0
CHIQUIAHUANCA,0
MANDAHUAS,0
DOS CORAZONES,0
HUANCAR ALTO,0
HUANCAR BAJO,0
ANTA,0
QUILCA ALTO,0
SHAURA,0
QUILCA BAJO,0
LA RINCONADA,0
SAUCE GRANDE,0
SAUCE CHICO,0
MONTE GRANDE,0
CUTATAMBO,0
LA VILLA,0
HUARICANGA,0
CAJATAMBO,0
LUZO,0
URAMAZA,0
RODEO,0
GUANACPATAY,0
PUCACALLE,0
VICONGA,0
CURQUISH,0
LAGAUYA,0
CASHAPAMPA,0
MARAY,0
RANCAS,0
HUAMANYA,0
ANTA,0
MARCUPATA,0
CRUZPAMPA,0
GACHIR,0
PARIANTARA,0
SHIMPUN,0
PIQUICORRAL,0
HUATIA,0
SARUICCOCHA,0
TAPUSH,0
OGOMINA,0
CALINCA,0
PUCAYAC,0
AGUA BLANCA,0
TINCO,0
QUEMADO CORRAL,0
URUROCCOCHA,0
CUTAMAJADA,0
SHAPIL,0
ISCARHUAY,0
TUCTUCUSHMAN,0
HUIYO,0
MACETA MAJADA,0
RANRAMAJADA,0
PUCA ALLPA,0
MATIRAQUI,0
SACLASHUAYI,0
AUQUIMARCA,0
PUCARANGRA,0
TRANCA,0
GARBANZO,0
YANACOCHA,0
BARRANCA,0
POTAO,0
VINTO BAJO,0
VINTO ALTO,0
PAMPAS,0
RANRANIRCA,0
RONCADOR,0
LAS HUERTAS,0
ARAYA GRANDE,0
MAYORCA,0
ARAYA CHICA,0
HORNILLOS,0
SANTA VICTORIA,0
GUAYABITO,0
CHIU CHIU,0
SANTA ELENA,0
VICTOR RAUL HAYA DE LA TORRE,0
LOS ARENALES,0
ROMPEQUINCHA,0
EL MOLINO,0
CENICERO,0
CALATRABA,0
PAYCUAN,0
LA HOYADA (LOS ANITOS),0
ESPONJA,0
SAN MARTIN,0
PAMPA VELARDE,0
SANTA MARGARITA,0
LOMAS DE BARRANCA,0
PARAMONGA,0
HOYA CHICA,0
HOYA GRANDE,0
NARANJAL,0
YUNTIN,0
CANCHAN,0
BALCON DE JUDAS,0
CHUSIN,0
SAN JUAN DE TUNAN,0
EMPEDRADA,0
HUATA,0
SIGUAL,0
CERRO BLANCO,0
CARBONERA,0
PAMPA LITERA,0
MANZUETO,0
PORVENIR,0
LAMPAY,0
PAMPA CAYANA,0
POZOLIZA,0
LA CALERA,0
TOTORAL,0
SAN PABLO,0
SAN PEDRO,0
ZAPAYAL,0
FORTALEZA,0
TABLA LARGA,0
HUARANGAL,0
CHILCAL,0
CANOA BAJO,0
CANOA,0
CANOA ALTO,0
COVA TIERRA,0
PATIVILCA,0
SAN MIGUEL DE OTOPONGO,0
CHURLIN ALTO,0
PACAR,0
SANTA MARIA DE OTOPONGO,0
CHURLIN,0
CARAQUEÑO,0
LA PAZ,0
LA VEGA,0
HUAYTO,0
SAN JOSE,0
CARRETERIA,0
PROVIDENCIA,0
UPACA,0
LAS MONJAS,0
PUNTA Y SUELA,0
MOLINO,0
EL CARMEN,0
GALPON,0
CAPITA,0
SANTA ROSA,0
EL MILAGRO,0
SIMON BOLIVAR,0
SUPE,0
PAMPA BONITA,0
VIRGEN DEL ROSARIO,0
PAN DE AZUCAR,0
LUIS NEGREIROS,0
CIUDAD DEL AGRO,0
MICAELA BASTIDAS,0
VENADO MUERTO,0
SANTA MARTHA,0
TAITALAINA,0
LA MERCED ALTA,0
PURMACANA,0
VICTOR RAUL,0
VIRGEN DE LAS MERCEDES,0
LAS CASUARINAS,0
JESUS DE NAZARET,0
SANTA ELENA,0
SANTO DOMINGO,0
RIO SECO,0
PEDREGAL,0
SANTA ROSA,0
CAPELLANIA,0
HUARALICA,0
EL MOLINO,0
TUTUMO,0
PIEDRA PARADA,0
EL PORVENIR,0
CALETA VIDAL,0
LIMAN,0
PULANCACHI,0
LIMAN BAJO,0
PANDO,0
LLAMAHUACA,0
CHUPACIGARRO CHICO,0
CHUPACIGARRO GRANDE,0
ALPACOTO,0
COCHARCAS,0
CARAL,0
LAS MINAS,0
SUPE PUERTO,0
REPARTICION,0
LA MINKA,0
ATARJEA,0
PAN DE AZUCAR,0
LA PALMA,0
EL ASPERO,0
TRES PIEDRAS,0
HUARANGAL,0
SAN JOSE,0
RODEOPAMPA,0
CONDOR ALTO,0
TIENDAPATA,0
ANCCO ANGO (ANCCO),0
SHOQUE,0
PUEBLO VIEJO,0
CARCUNA PAMPA,0
TUCUHUACANAN,0
TUNTUR,0
SHUYA GRANDE,0
SHUYA CHICO,0
PARIACAYAN GRANDE,0
MILPOG,0
PILUYACU,0
CONTADERO,0
HUANACMILPO,0
HUACROCORRAL,0
TOCANCA CHICO,0
TOCANCA GRANDE,0
CONDOR BAJO,0
PACOMAYO,0
PATACOCHA,0
PUCAPAMPA,0
CHANQUILLA,0
YANAMACANCHA,0
PUMAHUAIN,0
LAMPAS,0
HUISHCAHUAIN O ISHCAH,0
SAPANAPUQUIO,0
GORGOR,0
JAMPAY,0
SIURAN,0
CAYA,0
CHIHUIN,0
RAJANLLO,0
VIRUNHUAYRA,0
ARAY,0
RUMICHACA,0
PACUR,0
TORREBLANCA,0
SICLA,0
QUINCHA,0
UYUPATA,0
ASIAC,0
MONTE,0
CALQUE,0
RICAY,0
TURIJIRCA,0
COLLA,0
MIRCAS,0
HUANCANA,0
PAMPAYE,0
HURANCOCHA,0
PATACOTO,0
SUNUMANJANCA,0
TURPO ALTO,0
TURPO BAJO,0
PUYHUAN,0
JACRAS,0
JURAU,0
RIWENCA,0
NUNAHUAIN,0
AWENCA,0
MACHIQUI,0
GOYORCANCHA,0
YACOUPIANAN,0
PACA,0
MESAPATA,0
YANOCO,0
SHIRI,0
PECOYCANCHA,0
PACOMAYO,0
ANTAHUANCAN,0
CHANQUILLO,0
AUQUIN,0
ISHANCACORRAL,0
HUACRUSHCANCHA,0
JATUNPATA,0
PINICOCHA,0
RUCMA,0
ALHUAPAMPA,0
ALHUA,0
QUEBRADA ALHUA,0
PACARUMY,0
GAUGISH,0
NUNUMIA,0
YURAJRUMI,0
SACAPUTUC,0
PUENTE,0
SHAMPUCANCHA,0
COCHAS,0
PASAPASHIMIN,0
ZAPAR,0
WISHCACUTA,0
PAMPACHACRA,0
PARIAJIRCA,0
CHACHARQUI,0
PAPAQUE,0
GURGUGILCA,0
ANCHI,0
LUYLURUME,0
AGUAS,0
VISTA ALEGRE,0
CASHAUCRO,0
SAN LORENZO,0
SISCAY,0
CURY,0
PICUY,0
MANUPECA,0
CURERACAU,0
LUYLUSH,0
HUAYRA,0
TUNGRI,0
MONTE,0
HUANCAS,0
RACRACACHIN,0
APAS,0
MARIATAMA,0
SUCROPANALAN,0
RACAU,0
YANAMARCA,0
SURO,0
LISCAPATA,0
TAYAPATA,0
JATUMPATA,0
NAMIYAHUIN,0
SINSIN CHICO,0
RASACANCHA,0
COLPAJ,0
CHINCHISPATA,0
PALMIRA,0
MASHUARPAGRA,0
ACSHURAGRA,0
ULERIAS,0
PITACANCHA,0
SUNDURIANA,0
CURUCUTA,0
GARUCORRAL,0
AYARMACHAY,0
CUNUCTAMBO,0
MINARAGRA,0
QUISWAR,0
HUISCASHCANCHA,0
GARBANZO,0
SINSIN GRANDE,0
PUQUIOJ,0
ANTACANCHA,0
TICTICANCHA,0
CHIHUIR,0
PIRIHUYA,0
CHURA,0
PAQUIRUMY,0
CONDORSENGA,0
TAMBO,0
YACUTINCO,0
SAQUICOCHA,0
HUANCAPON,0
CHAUPIRAGRA,0
MATA CORRAL,0
YACUTINCO,0
OJSHUY,0
GONSAU,0
PALPAS,0
YUPACNA,0
PARIALPA,0
CHUCCHI,0
ANTASPUQUIO,0
HUAGRAHUAJTAN,0
RAGRACANCHA,0
COTOCANCHA,0
CACHIR,0
YANACANCHA,0
CHINA LINDA,0
MANTO,0
URUA,0
HUAMANCHACRA,0
JIRCAN,0
QUINGUA,0
MAYHUAYPUNCO,0
MATAPUQUIO,0
PURUNCORRAL,0
PILUCANCHA,0
SANTA TERESA,0
TURPO,0
SINSIN,0
HUISGUI,0
YAHUARS PINCE,0
JUYTUCANCHA,0
PUEBLO VIEJO,0
JAYANPINCE,0
JAMPAY,0
SIURAN,0
MANAS,0
YANAPAMPA,0
YURACPAMPA,0
LA FLORIDA,0
CAHUA,0
CARHUAN,0
PEQUE ALTO,0
ESPERANZA,0
CUTAJ,0
MAYUSH,0
LA TOMA,0
PAMPLONA,0
CHINGOS,0
SANTA CLARA,0
CAQUIOC,0
YARURAN,0
CAYA,0
PUCAN,0
PUCERO,0
AMANCAY,0
ANTACOCHA,0
QUINLLAN,0
MARIASH,0
MARCAHAIN,0
CHURINHURA,0
QUIÑAC,0
HUACAR,0
REHUENCA,0
SILLARUMI,0
HUANCAR,0
YARHUACA,0
ARCARHUAIN,0
CACAPAQUI,0
CASACHICO,0
YURACSAGA,0
ANGAS,0
CASHAPATA,0
ANAY,0
QUINCHE,0
QUISAL,0
PILLA,0
PUPUYA,0
OROPUQUIO,0
COLAPUSCAN BAJO,0
CONDORTANA,0
TANAHUAY,0
PANPAN,0
VICTORIANO,0
CARACHACRA GRANDE,0
SIGLOS,0
TUCUR,0
HUAMANQUI,0
SURURAO,0
AMBAR,0
CONDORTANA,0
SIGLO GRANDE,0
CASHAPATA,0
SIGLO CHICO,0
COYOC PUQUIO,0
QUISUARPATA,0
HICHUCAN,0
AGUA CASHA,0
HUALPAHUAY,0
JAGRAS,0
SACRA,0
HUIANOC GRANDE,0
CHILIN,0
TUNA CANCHA,0
CHORRO,0
PARACAS,0
PUPUYA GRANDE,0
TABLA CHICA,0
CARHUAIN,0
ANAY,0
ARHUAPATA,0
LUSA PUQUIO,0
PARIACOTO,0
TOMAS,0
POSA,0
ALHUAPATA,0
HUIANOC CHICO,0
BELLA VISTA,0
RANYA PATA,0
MARCO PATA,0
HUANCAS PUQUIO,0
PUQUIOC,0
ARINCHAY,0
CANCHACOTO,0
PUCAHUAY,0
CHUNCHOS,0
COCHAYA,0
SHANTAMA,0
CURCUY,0
COSHAPATA,0
MITUCRO,0
PULIAG,0
LUCUMO,0
LAMARUME,0
AYARPATA,0
MITUPAMPA,0
HUACRACRUZ,0
TAMBON,0
AYLLON ALTO,0
LASHCAMAYO,0
CAMPAMENTO,0
PUHUASCANCHA,0
POTACA,0
CASHAPATA,0
AGUA BLANCA,0
GANTUYOC,0
MARCO PATA,0
AYLLON BAJO,0
HUANDO,0
GONZHO,0
MOCHOJATO,0
PUMATAQUIN,0
PIEDRA BLANCA,0
CAYANTAMA,0
LOMAS,0
JALCAN,0
MESAPATA,0
MURPA,0
CHINCHANGA,0
LACUAN,0
SIAPATA,0
YATO,0
USHUN,0
CASHIRCA,0
TAPACARA,0
COMBLA,0
LUCUMAYOG,0
SANSAÑA,0
AGUAY,0
HUILCAPAMPA,0
PACAYHUAIN,0
ALISO,0
RINCONADA,0
OLIVAR,0
HUANCAN,0
PURUHUAY,0
ANTARA,0
NUNE,0
ZONZA,0
HUANCOY,0
COCHAHUAIN,0
SISCAY,0
PUENTE  HUANCOY,0
ROMERO,0
CAPILLA,0
CAPITANA,0
ACUCOTO,0
ARCATA,0
HUAYAMAJAN,0
RAU RAU,0
MAL PASO,0
AYNACA,0
YAULI,0
CALPA,0
YACANCA,0
MARAY,0
PAMPA LIBRE,0
PUENTE TINGO,0
SAN PEDRO DE TONGOS,0
LAGSAURA,0
TULPAY,0
PALCAURA,0
SAN AGUSTIN DE PUÑUN,0
HUACALA,0
CHACRAS DE MARAY,0
LAN LAN,0
CCUCUL,0
HUAUYARANGA,0
SAN AGUSTIN DE CANIN,0
VISCACHACA,0
LA EMPEDRADA,0
PEÑICO,0
MONGUETE,0
JAIVA,0
JATUNPALCA,0
PACCHO,0
COLCAPAMPA,0
QUIPU,0
ULANCAY,0
PAUCARA,0
CHULPA,0
CANAHUAY,0
PUCTOR,0
SOCSATAMA,0
HUINIC,0
PUENTE HUACA,0
PAMPACOCHA,0
HUAMANQUIRO,0
PACLO,0
LLAMAY,0
HUAMPUTAMA,0
TANAPACA,0
HUERECTAMA,0
LLACHIQUILCA,0
MERENDACUNA,0
SAN JUAN DE HUAGAR,0
AYMA,0
HUALLAO,0
REWEY,0
MUZGA,0
YAQUIN,0
AYAMASQUIPE,0
QUIRQUICHI,0
ISHCO,0
PICUNCHE,0
PIEDRA PINTADA,0
LA PERLA,0
JUJUL,0
CHIUCHIN,0
PICOY,0
PALCAMAYOC,0
PICHICAY,0
YURAC YACU,0
SAN PEDRO,0
PARQUIN,0
MOYOBAMBA,0
YANAMA,0
LOS VIÑOS,0
SAN JOSE,0
PAMPA GRANDE,0
LA ESPERANZA,0
CAMAY,0
EL CARMEN,0
SANTA JUANA,0
CHEPITA,0
SAN PEDRO,0
SANTA ANA,0
MEDIO MUNDO,0
SANTA AMALIA,0
SAN ANTONIO,0
LA QUERENCIA,0
CARLOS MARIATEGUI,0
CHILAMPA,0
LA PONDEROSA,0
TRES MARIAS,0
SANTA CRUZ,0
ROSARIO,0
LA MILAGROSA,0
SAN MARTIN DE PORRES,0
SAN FELIPE ALTO,0
SAN FELIPITO,0
LAS CALDAS,0
AMIRALLA,0
DOY DOY,0
SAN LORENZO,0
EL CONDOR,0
VILLA AGRARIA,0
SAN JUAN BAJO,0
SAN JUAN ALTO (SAN JUAN),0
SAN CARLOS,0
SAN JORGE,0
LA UNION,0
SANTA ISABEL,0
LOS MEDANOS,0
MIRAMAR ALTO,0
SANTA BARBARA,0
SANTA ROSA,0
OYON,0
RUPAHUAY,0
PUYUHUAN,0
SHUCSMAPA,0
SURA SACA,0
FUNDICION,0
JATUN CORRAL,0
FUNDICION CHICO,0
MACAPATA,0
MINAPATA,0
MASUCASH,0
QUICHAS,0
CONTADERA,0
SHAPRA,0
QUISHUARCANCHA,0
HACIENDA POMACA,0
YARIHUATUN,0
UCHUC CHACUA,0
CASHAUCRO,0
POMAMAYO,0
BELLAVISTA,0
CAGAPAQUI,0
CUTACANCHA,0
CHAMPUCANCHA,0
MATICHACRA,0
ARAYCO,0
TICTICOTO,0
TINTA,0
VIROC,0
SANHUACHI,0
MUYUCANCHA,0
CHURCURUMI,0
OTUTO,0
PATON,0
BAÑO PATON,0
GAZUNA,0
BELLA LUZ,0
JANQUEYAGRA,0
JANCHACA,0
SANYA,0
RUPAY,0
MALLAY,0
MASHU,0
PICO,0
NAVA,0
HUAYRA,0
YARUCALLA,0
QUINUANHUAYA,0
PAMPAHUAY,0
TABLADA,0
YARCOYAN,0
SECCHA,0
GARBANZO PATA,0
ISCAYCRUZ,0
CORRALPATA,0
SAN FELIPE,0
COCHAQUILLO,0
ANTAPAMPA,0
OCUPAMPA,0
MACHAYPATA,0
QUINUAMACHAY,0
RAPAZ,0
ANDAJES,0
SINCE,0
SAN BENITO DE CARAZ,0
MARCA CHACRA,0
PUCARRUMI,0
LLANQUI,0
RAPAC,0
RUMIMURCO,0
PUYTOC,0
HUASORUMI,0
HUANCHAC,0
CHIMBA ALTO,0
CHIMBA BAJO,0
CABRACANCHA,0
CAUJUL,0
CHACHAPA,0
PAJONAY,0
RUPAPATA,0
POTACA,0
YURACYACU,0
ENRIQUETA,0
SHUYOG,0
NUNUMIA,0
ESPERANZA,0
PUMAHUAIN,0
LA FE,0
AGUACOJ,0
UCAUSHO,0
TINTACIN,0
CAYUCTAN,0
CALLE,0
PAMPASH,0
SECLON,0
RECU,0
MUYAPAMPA,0
TAMBOJIRCA,0
AGUAR,0
LANCHA,0
COCHAMARCA,0
SAN MARTIN DE MANI,0
CAUCHA,0
HUAYLA,0
PACCHA,0
QUISPE,0
APTA,0
QUISCA,0
COLCAPAMPA,0
MATAL,0
HUAYUPATA,0
QUILCA,0
MICHIRUMI,0
MITIMIQUIL,0
GARAPE,0
MARAY,0
MINA VIEJA,0
CAPILLAPATA,0
NECNE,0
CHOQUES,0
JAHUAYPATA,0
COCHACALLA,0
SAUSAL,0
NAVAN,0
SAN JUAN DE TARUCAYA,0
DANJATO,0
SAN MIGUEL DE HUASA,0
PUNA,0
CONCHAO,0
LIPLE,0
QUICHAURA,0
PACHACAYO,0
COCHACANCHA,0
CHURIN,0
PACHANGARA,0
SAN PEDRO DE PALPAS,0
ORTELANO,0
AYARPONGO,0
MISHUAY,0
CARHUAYCOLCA,0
LUTOG,0
PAMPAGRANDE,0
SACA,0
CUTAYCOCHA,0
CURUHILCA,0
KUWAYPARAC,0
CURAY,0
TINGO,0
CAYASH,0
HUACHO SIN PESCADO,0
SAN MARTIN DE TAUCUR,0
ACAIN,0
HUANCAHUASI,0
HUANCACHIN,0
EDO,0
LA LITERA,0
OTOPONGO,0
SAN MIGUEL,0
CANTANILLA,0
SANTA ROSA,0
SANTA BEATRIZ,0
LA PAZ,0
CHURURO,0
SANTA ELSA,0
EL SOL,0
SIERRA MORENA,0
LA HUERTA,0
PAMPA CHIVATO,0
ESTACION,0
CRUCERO,0
EL BOSQUE,0
MIRAMAR,0
VISTA ALEGRE,0
ARGUAY,0
SANTA CATALINA,0
PIEDRA BLANCA,0
LA GARITA,0
SAN JOSE,0
CHORRILLOS,0
PICHITO,0
MALVAROSA,0
PUERTO CHICO,0
LA ATARGEA,0
HUACAN,0
EL ROSARIO,0
SANTA GRACIELA,0
PROGRESO,0
SANTA LUISA,0
CORAZON DE JESUS,0
LA ALAMEDA,0
ANTIVAL,0
CONDEVILLA,0
CHIMU,0
PUEBLO NUEVO,0
SAN NICOLAS,0
NICO,0
SANTA ANTONIETA,0
SAN FRANCISCO,0
MAU,0
SAN JUAN BAUTISTA,0
SONIA,0
EL MILAGRO,0
MIRAMAR,0
URBANIZACION BELLA VISTA,0
LA CURVA,0
SAINT LOURENT,0
CHIMUCAPAC,0
SANTIAGO,0
ATAHUALPA,0
PALMA,0
CHAGUILA,0
LA FLORIDA,0
CHILCAL,0
MANQUISH,0
CALAPAYOC,0
YANAPAMPA,0
DURAZNO,0
AGUA BLANCA,0
PACCHA,0
PISUCRO,0
ARRANCAY,0
HUARANGAL,0
PUNCAY,0
CARHUAM,0
MACHAY,0
HUASCUCHAYPATA,0
HUANCA,0
MICHARUNI,0
PUNUSCANCHA CHICO,0
HUALPA,0
CHONTA,0
CACHONA,0
JATUNCHANCHU,0
RASTROJAL,0
HICHUCAN,0
SANCOS,0
CHUPAN,0
ESTANCO,0
CHIGUITAMA,0
COCHAPATA,0
CHACRA CHACRA,0
CHILIN,0
AYAR,0
SHAMPUY,0
PARAG,0
PISHUPAMPA,0
GASIL,0
CACHINTAMA,0
CUNOC MACHAY,0
HUANCOY,0
COCHACA,0
YOQUIOCRO,0
PAN PAN,0
ZAPALLAR,0
MINAS CHICO,0
CAPILLA,0
PILLAN,0
MINTERRUMI,0
LLAYLLACA,0
ARARA,0
PANGUAY,0
ARARA,0
PACAR,0
CHEVES,0
PAUYAN,0
ANGO CHICO,0
UCHUPACANCHA,0
SHANQUIJIRCA,0
HUAYLAN,0
SOQUE,0
CHUPA,0
PIEDRA PINTADA,0
PAN PAN,0
MILLHUACRUZ,0
LLACA,0
VECINA,0
RIVASPAMPA,0
YANAOCSHA,0
ATUNPAMPA,0
TILARNIOC,0
MINAS CHANCA,0
PADRE,0
CHICCHE,0
MACAULO,0
PUCALLPA,0
RANGRACANCHA,0
ANTAPITEC,0
ANTAPITEC,0
TAQUIAMBRA,0
CUTAHUAY,0
SINGA,0
UCRUYCANCHA,0
YANAORCO,0
PUMACACA,0
VERDE PAMPA,0
CULEBRA,0
CONTADERA,0
JASUNA,0
JIRISHMACHAY,0
CHIPTAC,0
LAMADERA,0
CHILHUA,0
YURACPATA,0
PATACANCHA,0
ANTACOCHA,0
YANOCO,0
SIPICUTA,0
SHAMPACORRAL,0
PUYUHUAIN,0
YANAOCO,0
COLONA,0
RASANPATA,0
YURAYACU,0
MAITA,0
JONGO,0
OGUERUME,0
RANRACANCHA,0
SHAPRA UCRO,0
SHAPRUPACANCHA,0
RIRCO,0
UCRUZCHACA,0
JICHIU,0
GINSAGURA,0
LANCAL,0
LUZO,0
CHIREC,0
GAUGAU,0
LA CURVA,0
TATAHUACA,0
CONTADERA,0
MESAPATA,0
JARACO,0
CUTA MULLAY,0
SAQUICOCHA,0
CHULIMITICAN,0
PAMPA CANCHA,0
ANGO,0
CURUPANCA,0
CHULMAMACHAY,0
MISHUYA,0
RACRACANCHA,0
AIJADERO,0
LEURAC,0
JACHACANCHA,0
ESCALON,0
ARAYON,0
TINGO,0
RANCON,0
ACOPATA,0
HUAYCA CANCHA,0
MANTAMA,0
ERAPATA,0
ANTAHUARA,0
CHECCHE,0
PALCA,0
MUSHAUMARCA,0
CHUCARRAGRA,0
MOLIRIO,0
ARPAN,0
YANAMAYO,0
CHUPA,0
SUEROCOCHA,0
SHAPRAC,0
TOCRAC,0
HUEQUECHECANCHA,0
YURACORRAL,0
CURUPATA,0
PUCAYACU,0
JANCAPAMPA,0
PUMAHUAYIN,0
PACCHON,0
HUACHUPAMPA,0
PACON,0
SUCULO,0
CHINCA,0
PARAC,0
MIRAHUAY,0
PACCHO TINGO,0
PIEDRA BLANCA,0
JICHICA,0
AGUEN,0
LLACHI,0
RATACANCHA,0
CULIC,0
PACLA,0
YURUSICAN,0
GACHUS RAGRA,0
HUANACOPUNAHUAIN,0
YARUSYACU,0
HUACACHO,0
PATACANCHA,0
SHALAY,0
YACHAPICO,0
QUIMAHUASI,0
SULONA,0
COCHATAMA,0
MOROCOCHA,0
UCHCUMACHAY,0
CHAGAPATA,0
CHALGOCC,0
CHIURIC,0
JANQUIL,0
HUANCHAC,0
TICTIPAMPA,0
GINARA,0
AUCAR,0
TEMBLORPUQUIO,0
CHUCHUN,0
PITAGO,0
PUTUPCAGANA,0
MINAPATA,0
GALLUPATO,0
YACHAPACO,0
HUISCARANGRA,0
JAPRAPAMPA,0
CHIRISMACHAY,0
PASCUAIN,0
PUPUCHINCHAN,0
LIAU LIAU,0
PISCAY,0
ATOSHUAIN,0
LAMAHUANONGA,0
YURACCHALA,0
RIGUAN,0
JAPUR,0
CASHACOTO,0
HUAYLLURA,0
TUNTUL,0
CAPASH,0
EL MOLINO,0
SAN PABLO DE AYAPAMPA,0
PATARA,0
CUCOL CANCHA,0
CARACANCHA,0
HUANCAPAJATUN,0
URUCUTUY,0
MOYACUNA,0
PISAQUIL,0
TANQUIS,0
CUCHICANCHA,0
JELAYPACCHA,0
QUILCAIPACCHA,0
HUACRAYOC,0
TUNA CORRAL,0
YANUCO,0
ALELUYOC,0
PACAYACU,0
JATUS CASHAGIRCA,0
PALLCA GRANDE,0
UPIAC,0
COLLAN,0
PALLCA CHICO,0
TRANCA,0
GILGAY,0
YANAMA,0
QUISTUPACANCHA,0
RICARI,0
HUAYCHAHUAY,0
TORRECILLA ALTA,0
LA VEGA BAJA,0
CHUNCACOCHA,0
JUTJO,0
CANTA,0
HUANCAPAMPA,0
CHALAMPAMPA,0
GUILLAYCANCHA,0
RANTAU,0
COTACANCHA,0
CARCAS,0
YERHUA CARPO,0
PUCUS,0
ACOMAYO,0
MINA BLANCA,0
CANTAMARCA,0
BUNABAMBA,0
CHANICANCHA,0
ANTAYCOCHA,0
COPO,0
GATO,0
QUINAN,0
HUACUA SHENGA,0
HUANCACANCHA,0
CANCHAPUQUIO,0
SIRHUAYO,0
LLACTAPAMPA,0
CUTUHUASI,0
HUALCAYAN,0
OBRAJILLO,0
LAGUNA,0
HUACHAUYANE,0
ARAPA,0
MARANAYOC,0
CURCUY ALTO,0
YANAPACCHA,0
GASGAS,0
OGANE,0
QUINTA ROSADA,0
QUISCAHUACTA,0
CANCAY,0
MATUPAMPA,0
ANTAMARCA,0
INGENIO ALTO,0
BALCON,0
TAMBO,0
AYARA,0
HIJADERO,0
SOCOS,0
HUANCARUME,0
CHACCHA,0
PARIAMARCA,0
CIPA,0
LUCPUCRU,0
CHIRINGANO,0
YUNCUMO,0
AYRAHUANCA,0
CUSME,0
HUAMANTANGA,0
AMA,0
MARCO,0
QUIPAN,0
SHIMAY,0
HUAROS,0
YANACOCHA,0
LICHIGAN,0
YAMECOTO,0
PILCOCANCHAN,0
YANAUYA,0
CANCAN,0
ORCUPA,0
JURAN,0
CUREC,0
COLAC,0
PUCAHUANCA,0
HOSPITAL,0
COLLATAYJO,0
CHUCHUN,0
ATOJAIN,0
PISCHAPAJCHE,0
CORRAL BLANCO,0
CERRO AZUL,0
YANA HUASILLAN,0
PACO PACO,0
CORRAL NEGRO,0
HACIENDA VIEJA,0
MINA RAGRA,0
RACHAGOGO,0
PUMA MACHAY,0
PUCRO COCHA,0
OXAMACHAY,0
ACHAMARCA,0
YANACALLAPA,0
CHONTA,0
SARAINAS,0
IGUDERO,0
PIMACOCHA,0
PATOCOCHA,0
GACHIRI,0
ANTA PIRURO,0
PAMPA CANCHA,0
HUAYRO PATA,0
PIEDRA RAJADA,0
CURUPITE,0
JIUJO,0
RIMUA,0
GOÑAS,0
JASHTACHIN,0
CULLHUAY,0
HUACOS,0
HUANCAYANGA,0
ACOCHACA,0
HUANCHAN,0
SAN BUENAVENTURA,0
YANACOCHA,0
TAPANE,0
CARCAPATA,0
TINGO,0
GALLARETA,0
LUCLE,0
SAN MIGUEL,0
RUMICHACA,0
HUAMANMAYO,0
HUATIMPAMPA,0
TUNASPAMPA,0
TAMBO,0
SHIGUA,0
HUARAL,0
VANDURRIA,0
CENTENARIO HUACHO CHICO,0
ESPERANZA CENTRAL,0
LA FLORIDA,0
MARIA PAZ,0
CABUYAL ALTO,0
CABUYAL,0
GRANADOS,0
FUKUDA,0
TUPAC AMARU,0
ESPERANZA BAJA,0
CERRO CENIZO,0
JECUAN,0
VICTORIA,0
CHACRA GRANDE,0
LA QUINCHA,0
RETES,0
MONTERRICO,0
SAN ISIDRO,0
CERRO PRIETO,0
LA VIRGEN,0
ESPERANZA ALTA,0
ANDOMAS,0
GARCIA ALONZO,0
SAN MARTIN DE PORRES,0
BARRIO UNION OBRERO,0
CAMPO GRANDE,0
TRONCONAL,0
PUEBLO LIBRE,0
EL TRES,0
HUAYAN,0
HORNILLOS,0
LINDERO,0
PORTILLO,0
CUYO,0
LUMBRA,0
PASA BRONCANO,0
SAN MIGUEL,0
TOTORAL,0
QUISQUE ALTO,0
PIRCA,0
CORMO,0
HUAROQUIN,0
CHISQUE,0
PASAC,0
COLLPOR,0
BAÑOS,0
CONTADERA,0
SAN AGUSTIN DE HUAYOPAMPA,0
ANTACOTO,0
HUALHUARACHE,0
MATACA,0
COTANGA,0
LA FLORIDA,0
PEÑON CHINCHO,0
CAMPAMENTO,0
ANASMAYO,0
CHUPANCA,0
LLACTACOTO,0
PIRURO,0
PALCACANCHA,0
LUCCUMA,0
CATAMAYO,0
QUINCHUIRA,0
PALLAC,0
CHUNCHUNCOCHA,0
RANCAS,0
JANQUI,0
CALLAO,0
CHICRA,0
YARHUANCA,0
PERLA ALTA,0
MAMILLA,0
LA PERLA,0
ACOTONA,0
HUANCAPALLAC,0
QUIHUAY,0
CHAUPIS,0
SAN AGUSTIN,0
CHUPA,0
CARCAPATA,0
SANTO DOMINGO,0
QUIPULLIN,0
SAUME,0
PACAYBAMBA,0
PISQUILLO,0
MATUCANA,0
SAN ISIDRO,0
PALPA,0
CAQUI,0
HATILLO,0
CHANCAYLLO,0
IHUARI,0
REPARTICION,0
DOLORES,0
ACOTAMA,0
AÑANPAY,0
DOS DE MAYO,0
CHIPCHO,0
QUIPATAMA,0
YANCAO,0
HUAYCHO VIEJO,0
HUAYCHO,0
TAN TAN,0
OTEC,0
QUIMPAR,0
HUACHINGA,0
TAMARAY,0
MOLINO,0
LAMBLAN,0
MARAN PAMPA,0
ÑAUPAY,0
MATARCAN,0
JAUCANCA,0
MAWACHI,0
CRUZ,0
PALCUMAY,0
NINAYACAN,0
PARIONTAMA,0
CHOHUITAMA,0
MITUCOTO,0
PUQUIO,0
SAYAN,0
QUINQUERA,0
PILPINTAY,0
CAMPAMENTO,0
QUISPIHUAY,0
LANCO,0
HUARACNIC,0
SAN MARCELO,0
CHUCHUNTAMA,0
YUNGUY,0
MATARA,0
HUATAYA,0
LAMPIAN,0
CALCALAY,0
CANCHAPILCA,0
HUAYATAMA,0
CHUNCHUHUACA,0
ESTANCO,0
TOMA,0
HUACHUPAMPA,0
PALILLO,0
PIRCA HUASI,0
MARACCAICO,0
COLLAN CHICO,0
SOGOSPUQUIO,0
ARTEZA,0
RUMO,0
HUANCHUCAYA,0
CALLANTAMA,0
LACUY,0
CALPA,0
CHALAMAQUE,0
MATACA,0
CHULA,0
CHAVIN,0
RAURO,0
SUCHICA,0
HUAYO,0
PACARAOS,0
AGUILA,0
PILLUCCACCA,0
MURALLAYOC,0
JAYCO,0
PACCHIPAMPA,0
CHALHUACOCHA,0
PUCAYACU,0
SANTA ROSA,0
JAPURPATA,0
HUANIN,0
HATUNCACHI,0
ACERCA,0
LULUCHA,0
CAUQUIS,0
PUENTE VIEJO,0
AYSHACANCHA,0
HUAHUICHURCO,0
PUCAHUANCA,0
AYSHACANCHA,0
COCAR HUASIN,0
ACCOPAMPA,0
COPA,0
ACOBAMBA,0
COSHIORO MACHAY,0
HUACTACANCHA,0
RAVIRA,0
VISCAS,0
CCARAPAMPA,0
RURUY,0
GULPANAM,0
AYAR,0
AZULCOCHA,0
CHULPA,0
TINGO,0
MAYO,0
CACHIR,0
CHUNCA,0
CURCUYTAMA,0
HUALAN,0
JIRCAJATO,0
ACOS,0
BUENA VISTA,0
LIMONCILLO,0
COLLAS,0
CARACTAMA,0
SAN JUAN,0
HUASCOY,0
SANTA CRUZ DE ANDAMARCA,0
HUANCHAY,0
CHUNGAR,0
YANAHUIN,0
CACRAY,0
SHACUA,0
SANTANDER,0
VICHAYCOCHA,0
COLLPA,0
SANTA CATALINA,0
TOTORA,0
CHAUCA,0
LINGO,0
SUMBILCA,0
VILCA BAJA,0
VILCA ALTA,0
HUAYO INGENIO,0
CARACUPE,0
CAMPANILLA,0
CUCAPUNCO,0
PISCOCOTO,0
HUANTOPARAC,0
ACULL,0
LLANCAY,0
CAPIA,0
HUANDARO,0
RAUMA,0
CARCAPATA,0
VIRCOPAMPA,0
CARAC,0
CHAMPAHUASI,0
CHINACANCHA,0
TICTI CHICO,0
TICTI GRANDE,0
TICLACAYAN,0
PURUTAMA,0
AÑAYPAMPA,0
SHACSHAO,0
QUILCATAMA,0
COCHAN,0
CARARIN,0
YAGUAY,0
COTO,0
HUACRACAYAN,0
GUMO,0
WIRTIQUI,0
POMAS,0
OQUENDO,0
PALCA,0
RACRAY,0
QUIULACOCHA,0
ESCALON,0
CUSHI,0
HUACHO,0
HORNILLOS,0
PARAISO,0
LA YESERA,0
LA SALINAS,0
SANTA ANITA,0
HIERBA BUENA,0
GARITA DOÑA MARIA,0
RIO SECO,0
CALETA DE CARQUIN,0
CARQUIN BAJO,0
HUALMAY,0
BIENESTAR,0
TRUCHERO,0
CARRIZAL,0
HUAURA,0
PROGRESO,0
PALMERAS,0
CALUSA,0
LAS CASUARINAS,0
CHIVATEROS,0
VEINTIOCHO DE JULIO,0
PAMPA DE RONTOY,0
SAN JOSE DE RONTOY,0
CASA VIEJA,0
EL SOL,0
CANTA GALLO,0
SAN ANTONIO,0
CENTINELA SUR,0
SANTA ROSA,0
3 DE MAYO,0
DESAGRAVIO,0
ACARAY,0
BUENOS AIRES,0
ALCANTARILLA,0
BALCONCILLO,0
VILCAHUAURA,0
SANTA TERESA BAJA,0
CALDERA,0
TRIUNFO,0
SANTA INES,0
VERONICA,0
SARAPA,0
LORETO,0
HUMAYA,0
SANTA EUSEBIA,0
LA SOLEDAD,0
SAN JOSE,0
SAN ISIDRO,0
SANTA CRUZ,0
PITAC,0
SAN JOSE,0
SHULLOCOCO,0
GIRGANJATO,0
TUNAJATO,0
SANTO DOMINGO DE APACHE,0
HUAMBOY CHICO,0
PICHUPAMPA ALTO,0
LURICACA,0
PARAN,0
CAPIA,0
TAYAPAMPA,0
ULARANCA,0
BUENOS AIRES,0
JACRAO,0
AUQUIMARCA,0
AHUAYPANCA,0
ARCATAMA,0
TAN TAN,0
POQUIANQUI,0
PICCUR,0
CUYUPAY,0
LLOCYATAMA,0
MARANTAMA,0
CHACLA,0
CHIHUIL CHICO,0
MACHACHACA,0
MICHIPENCA,0
HUAYCUL,0
YAURINGA,0
ACOPARA,0
PICHUPAMPA,0
COCHAURE,0
HUAMPAN,0
CACAPAQUI,0
PARIATACANA,0
MARANGALLA,0
HUANANQUI,0
LACSHAMATE,0
PUENTE DE CHOQUES,0
MIRAFLORES,0
COLLARAY,0
HUARQUI,0
LACHACCAYAN,0
SANTA MARIA,0
CERRO SEJETUTO,0
HUAYABAL,0
CARHUA CHICO,0
LOMAS DE ALCANTARILLA,0
JOPTO,0
VIRGEN DEL CARMEN,0
LA COLMENA,0
PAMPA DE ANIMAS,0
EL SOLITARIO,0
PAMPA COLORADA,0
TABLADA,0
SAN JUAN,0
SANTA ROSALIA,0
SAN JOSE,0
HUACAN,0
LA UNION,0
SAYAN,0
MANCO CAPAC,0
EL CARMEN,0
ENIMINGA CHICO,0
CHAMBARA BAJA,0
LOS ANGELES,0
CHAMBARA ALTA,0
SANTA ELVIRA,0
SAN MIGUEL,0
SAN MIGUEL ALTO,0
CANDELARIA,0
DESAMPARADOS,0
SAN GERONIMO,0
QUIPICO,0
SAN MARTIN DE PORRES,0
CAÑAS,0
IBIS,0
MANI,0
LAS PALMERAS,0
MANI ALTO,0
CHUQUIQUINTAY,0
QUINTAY,0
PALMA,0
COTO,0
PALTO,0
TRES MONTONES,0
PEDREGAL,0
ALCO,0
HUAMBOY GRANDE,0
PAMPA GASPAR,0
CUCHUCHIN,0
CASA VIEJA,0
MINA ALTA,0
HUAMACHO,0
PIEDRA PARTIDA,0
PIEDRA CANCHA,0
CERRO BLANCO,0
PAR PAR,0
PAMPA GRANDE,0
PLATANAL,0
PUEBLO NUEVO,0
CUTHUAY,0
QUINCHES ALTO,0
QUINCHES BAJO,0
AMBAR PUQUIO,0
VISTA ALEGRE,0
HUAMILANCHA,0
LA HOYADA,0
PUENTE CHICO,0
CORRAL DE PIEDRA,0
ANDAHUASI,0
DIECISIETE DE ENERO,0
VIZQUIRA,0
SANTA MARINA,0
ALANO,0
LA FLORIDA,0
SAN LUIS,0
SAN ANDRES,0
ACHALAY,0
MONSERRATE,0
SAN ANDRES,0
AVES AMERICANAS,0
HARAS LA ESTANCIA,0
SAN JOSE,0
HARAS SAN PABLO,0
EL GRIFO,0
SANTA ROSA,0
IHUANCO,0
CLAUDITA,0
LA CAIDA,0
LA CAMPANIA,0
LOS ALGARROBOS,0
LOS CHILCOS,0
LOS HUARANGOS,0
LA PONDEROSA,0
EL CENIT,0
CASA BLANCA,0
EL CRUCE,0
EL AHORCADO,0
CORONA,0
TAMBERA ALTA,0
TAMBERA BAJA,0
PAMPA JAHUAY,0
EL CALVARIO,0
GALISA,0
SANTA CONSTANCIA,0
DON ALBERTO,0
SAN HILARION,0
LA VICTORIA,0
SANTA ANITA,0
FAUSTA ANGELICA,0
SAN BOSCO,0
LUVIO,0
SAN FRANCISCO,0
CALESA,0
PAMPA BONITA,0
ALTO HUANDO,0
HORNO ALTO,0
LAS COLINAS,0
SAN MARTIN DE PORRES,0
SAN PEDRO,0
LAS GARDENIAS,0
SANTA ROSITA,0
SAN ROBERTO,0
SAN MIGUEL,0
VILLA VICTORIA,0
SAN FRANCISCO,0
SAN CARLOS,0
SAN MIGUEL BAJO,0
DOBLE B,0
SANTA ANA,0
EL DORADO,0
LA CADENA,0
CAROLINA,0
PARAISO,0
LA PANCA,0
LA CAPULLANA,0
RANCHO CHICO,0
LA ESTRELLA,0
LAS MARIAS,0
LA PALMA,0
LA UNION ALTA,0
LA UNION,0
LA UNION BAJA,0
UNION IZQUIERDA,0
MEDANOS,0
SAN GUILLERMO,0
HARAS MONTERRICO,0
MARGARET,0
EL CHARCO,0
NUEVE DE OCTUBRE,0
ANANTA,0
LAS PIEDRAS,0
ROSARIO,0
COCO RICO,0
LOS CERROS,0
JUAN PABLO,0
PUGA,0
SAN GERONIMO,0
ESCORPIO,0
SANTA VICTORIA,0
LA POLVORA,0
CAFETALES,0
RAYANBAL,0
SAN ANTONIO DE PADUA,0
LA VILLA,0
HARAS MORENO,0
HARAS CANTO DORADO,0
LOS OLIVOS,0
LA ENSENADA,0
LA ESCONDIDA,0
HARAS LA CABAÑA,0
ALAMO,0
SANTA BEATRIZ,0
VEGUETA,0
TUPAC AMARU,0
MIRAMAR BAJO (MIRAMAR),0
SANTA YOLANDA,0
200 MILLAS,0
CALETA DE VEGUETA,0
PACAYAL BAJO,0
LAS MERCEDES,0
PRIMAVERA,0
TIROLES,0
LOS OLIVOS,0
OTOÑO,0
LA FLORIDA,0
BELLAVISTA,0
SAN ISIDRO,0
LA PERLA,0
MAZO,0
MURALLA,0
TRAVIESO,0
LA MAQUINA,0
LA BALANZA,0
GUADALUPE,0
RUQUIA,0
CHACARILLA,0
LA CALERA,0
PAMPA DEL CURA,0
ISLA SAN MARTIN,0
SAN LUIS,0
TRES DE OCTUBRE,0
COLORADA,0
PALCA,0
CHACACA,0
SAN JOSE,0
CARQUIN CHICO,0
INGENIO,0
ZAPATA,0
CHONTA,0
SAN JUAN,0
SAN LORENZO,0
VALDIVIA,0
LA GRINGA,0
LURIAMA,0
CRUZ BLANCA,0
TOMA Y CALLA,0
AMAY,0
PAMPA EL NIÑO,0
GUANERA,0
POLVOREDA,0
HUANCHOY,0
IREICICHE,0
TAULISCA,0
CHUPA,0
CONDORHUACHANAN,0
TULPAYO,0
CHACRAMITO,0
LANERO,0
JOSHPA,0
CHAUCO,0
PUCRA,0
SUPIPAMPA,0
CAMIACOCHA,0
SALTANA,0
CHAUCAYTAMBO,0
MACUTCA,0
CALLAN,0
SOCOS,0
PATA,0
ACO,0
HUACHUPAMPA,0
PALO SECO,0
MARAYNIOC,0
PUCLLO,0
PALCACHO,0
CACAN,0
JURAUPATA,0
TIPSA,0
MARCO PUERO,0
OSACOCHA,0
HUACSHAHUANCA,0
CHURCUNA,0
MINCACANCHA,0
JASPACANCHA,0
HUAYPIAN,0
HUAGURUPATA,0
ARTEJO,0
ACOMACHAY,0
ACAHOMACHAY,0
OCOPATA,0
CHURAN,0
LLACUAPAMPA,0
ACOMACHAY,0
QUIPACACA,0
BUTCAPUNCO,0
CHALA ALTA,0
HUAMACHO,0
OLLANCACA,0
PAMPAS,0
CANCAU,0
HUANCORPATA,0
PACOCOCHA,0
CUTILAC,0
SHIPIA,0
JANANPATA,0
HUANDO COCHA,0
PATAHUAY,0
CAQUER,0
UCHCO MACHAY,0
TURUDHCANCHA,0
SHULUCANCHA,0
CASAMACHAY,0
JURAO,0
AUSHA PATA,0
CURACANCHA,0
HUARGU PUNTA,0
UCHO MACHAY,0
ÑAHUICOCHA,0
LANTUDAN,0
YANACANCHA,0
MINAS CANCHA,0
RUNAQUILACA,0
CORICANCHA,0
CATALINA JATO,0
PUNCO,0
TUCO HUAIN,0
OCSHPASHJA,0
LACSA,0
COCHCA,0
PARANTAMA,0
CANCHAR,0
HUACTAPUNCO,0
QUISPIHUAY,0
PALCA,0
QUICHIN,0
MARIN,0
AUCHI,0
CHINCHAN,0
SAN JOSE,0
HUAMPON,0
RAPACAN,0
TEMBILLO,0
RANCATAMA,0
PAMPA MAYO,0
PAYCAO,0
SHAMPUCANCHA,0
CHUNCAN,0
UTUTO,0
CONTUPAQUI,0
YANACOCHA,0
CHUCHURAQUINAN,0
HUINCUSHCANCHA,0
CAPILLA,0
PAHUAYACU,0
HUARPAS,0
PAGASH,0
JITAPANA,0
SUPACANCHA,0
GALGAN,0
YANAPALLACA,0
HUASHCAY,0
RUPAY CANCHA,0
TAURICAYAN,0
COCHEC,0
CULLPA,0
PICHOCANCHA,0
CHOCHITAMA,0
HUAQUILLA,0
YANCAN,0
QUELLPAMPA,0
RAMPARACA,0
CHAU PIRARCA,0
HUAYLINO,0
OLIQUIN,0
PARO,0
SAN JUAN,0
TINGO,0
CHAQUICOCHA,0
PAMPAS,0
AYANHUASI,0
PALBAHUANCO,0
ANTA HUACA,0
LITMA,0
JACRA,0
COLES CANCHA,0
PAMPAYACU,0
TAPATAPA,0
LEON COCHA,0
HUANTUSH,0
PERLA NEGRA,0
YUNCAN,0
BARRIO MARCA,0
ALTO PERU,0
HUACHUCPATA,0
MORSOCANCHA,0
ANAMARAY,0
SHALCA CANCHA,0
HUAYLLAY,0
PUMAPANCA,0
RUNCASCANCHA,0
RUMICANCHA,0
HUACULTA,0
CABRERIO,0
CEBADA CORRAL,0
CALANIYOC,0
COLLAC,0
CHUPASCANCHAN,0
HUAILAPAMPA,0
MARICOCHA,0
JATUN MITO,0
MANE,0
ANCADCCOCHA,0
JACANMACHAY,0
CHINGUIL,0
YANA PACCI,0
MAQUIN,0
HUACRAMARCAN,0
SEDA HUASI,0
CASAPALCA,0
CCACCAHUAY,0
PUCPUCA,0
JENHUAS,0
CHALHUACOCHA,0
CASHAC,0
PASAMACHAY,0
QUIUYUYPA,0
JANCA,0
CHUCUPAMPA,0
CEQUIAPATA,0
ATUN MACHAY,0
TAMBO,0
GASGALIN,0
HUARANCAYOC,0
YURACCHALA,0
USCHCOMACHAY,0
CHUPACANCA,0
PACHAMACHAY,0
CHAUPITAMBO,0
RUMICHACA,0
RAUCUTA,0
TUNSUCANCHA,0
LACSANAGA,0
SACRO,0
TURUMACHAY,0
CHIRICURRAL,0
CATAHUARI,0
MASGUA PAGOAIN,0
ACOÑAGUIN,0
PISCURAGRA,0
CARHUASCANCHA,0
ACUPATA,0
ANTUCRUN,0
HUAICHAUTUNA,0
YANALPA,0
HUIROYOC,0
HUITO,0
ACHAO,0
HUANCACUICO,0
TUPI,0
CONTADERA,0
QUISQUIS,0
PURISHTISGO,0
MUTACOCHA,0
TOROCOCHA,0
JACAYBAMBA,0
JOLLAJ,0
CHUNCA,0
HUANCHU,0
ÑIÑUHTAYO,0
ÑAUPACHACA,0
AÑIRACCRA,0
PULPITE,0
UCHCO MACHAY,0
CAPILLAYOJ,0
LEULASHA,0
QILLAYCANCHA,0
PUNOCOTO,0
BELLAVISTA,0
PUENTE ALCO,0
YUNGUY,0
TRES MONTONES,0
SAN PEDRO,0
ALGARROBAL,0
NARANJO,0
FEDERICO,0
LA VIÑA,0
QUILCA,0
BUENA VISTA,0
QUISHAN,0
YAURINGA,0
COLCA,0
CHINCA,0
CHAUCAY,0
CAMPO LIBRE,0
CALDERO,0
PAMPA GRANDE,0
ENIMINGA GRANDE,0
SAN JUAN,0
VENTUROSA,0
TOMAYA,0
YANCATAMA,0
COCHATOMA,0
ARACOTO,0
SANTA IRMA,0
SANTANA,0
HARAS SANTANA,0
PAMPERO,0
LUIS PARDO,0
SANTA LEONOR,0
DON BENITO,0
SANTA ANA,0
LOS ANGELES,0
CALLEJON DE LEON,0
LUIS PARDO,0
SAN MIGUEL,0
SANTO DOMINGO CHICO,0
LA MINA,0
LA LAGUNA,0
QUIUQUIN GRANDE,0
CAÑAHUASI,0
QUIUQUIN CHICO,0
CASA VIEJA,0
HUERTA MARGARET,0
SANTA FE,0
MARIA LUISA,0
CALIFORNIA,0
JAHUAY,0
CONTADERO,0
MONTERREY,0
SAN CAYETANO,0
EL CARMEN,0
TUPAC AMARU,0
SANTA ROSA,0
LA VICTORIA,0
NATURALES,0
VICTORIA,0
EL CARMEN,0
SAN BENITO,0
SAN JUAN GRANDE,0
HUANDO,0
URB RESIDENCIAL HUARAL,0
URB EL ROSARIO,0
PERDON,0
QUINSAPUQUIO,0
SHUYTOGO,0
ASIA,0
CALETA DE BUJAMA,0
ALDEA PAMPA  DE DOLORES,0
NUEVE DE OCTUBRE,0
CHOCALLA (COPACABANA),0
SAN PEDRO,0
LOS POCHOS (GALLINERO),0
SANTA CRUZ DE ASIA,0
SANTA ROSA DE ASIA,0
EL PLATANAL,0
ESQUINA DE ASIA,0
ISLA ALTA,0
ISLA BAJA (LA ISLA),0
BUENA VISTA,0
PALMA ALTA,0
LAS  PALMAS,0
ROSARIO DE ASIA,0
EL TAMBO,0
LA JOYA,0
MAL PASO,0
SARAPAMPA,0
YMCA,0
CALANGO,0
COPITE,0
COCHAHUASI,0
YERBABUENA,0
TOTORAL (TOTORAL ALTO),0
COCHABAMBA,0
CRINGA (TOTORAL BAJO),0
CONCHAS,0
PEÑA PRIETA,0
LA CAPILLA,0
PASACA,0
LAS PALMAS,0
YANACACA,0
YUNCAVIRI,0
LA OROYA (MAQUINA),0
HACIENDA VIEJA (CORRAL QUEMADO),0
CASA BLANCA,0
SAN PEDRO,0
BUENOS AIRES,0
NICOCHAY,0
HUANCAVELICA,0
SAN JUAN DE CORREVIENTO,0
AYMARA,0
EL DORADO,0
PIEDRA ANGOSTA,0
GRANJA MILLAY,0
AYMARA,0
CRUZ BLANCA,0
TUTUMO AITO,0
PLAYA EL BARRRANCADERO,0
MALAGUITA BEACH,0
LAS  LOMAS DE MAR,0
PUERTO FIEL,0
LA QUEBRADA,0
TALLO SECO,0
GALLARDO,0
LA JONDA (LA HONDA),0
LAS CONCHITAS,0
LOS LOBOS,0
LOS REYES,0
SAN JUAN DE IHUANCO,0
CHILCA,0
GRANJA CARRIZAL,0
SANTA CRUZ SALITRE,0
BANDURREA,0
SAN JAVIER,0
URBANIZACION SAN HILARIÓN,0
ZEUS (ISLA VERDE),0
LAS SALINAS,0
LAPA LAPA,0
GRANJA PUNTA ARENAS,0
KM. 67,0
CANTERA LAS MERCEDES,0
CALANGUILLO,0
COAYLLO,0
CALLANGAS,0
UNCHOR,0
CATA,0
HUAÑAÑABE,0
LA YESERA,0
FRANCIA DE YESERA (FRANCIA),0
HUAVINCHURCO,0
UQUIRA,0
LA ESTRELLA,0
LA QUELCA,0
LA PALMA,0
SAQUILADO,0
LOS ACUÑA,0
EL HUAYABO,0
EL SAPO,0
FRANCIA DE COAYLLO,0
EL PALTO,0
CUCULI,0
COROTA,0
CORRALON,0
SOXA,0
PAN DE AZUCAR,0
CAYARA,0
SAN JUAN DE QUISQUE,0
CAMPANERO,0
QUILMANA,0
ESQUINA,0
SAN ISIDRO PEQUEÑO (SAN ISIDRO CHICO),0
ESTABLO SAN ISIDRO,0
CANTAGALLO,0
LUNAHUANA,0
CATAPALLA,0
NUEVO CHAVIN,0
LANGLA,0
SAN JERONIMO,0
MALA,0
TUTUMO,0
SAN JOSE,0
SAN JOSE DEL MONTE,0
SAN JULIAN,0
SANTA CLORINDA,0
LA RINCONADA,0
ESCALA BAJA,0
SAN MARCOS DE LA AGUADA 1ra. ETAPA,0
PUENTE VIEJO,0
PUENTE REY,0
LUMBRERAS,0
CERRO COLORADO,0
SALITRE,0
LOS PLATANALES (SANTA INES),0
SANTA ENRIQUETA,0
URBANIZACION LAS TOTORITAS,0
BARCELONA,0
TOTORAL,0
CERRO PIÑON,0
SANTO CRISTO,0
BUJAMA ALTA,0
BUJAMA BAJA,0
PAMPA DOLORES,0
CHOCALLA,0
MARCALLA,0
POCOTO,0
RINCONADA DE CONTA,0
BELLAVISTA,0
PACARAN,0
PUENTE,0
HUAGIL,0
SAN MARCOS,0
ROMANI,0
HUANACO,0
JACAYA,0
JACAYITA,0
ANTAHUALLA,0
PATA,0
QUILMANA,0
ASOCIACION EL ROSARIO,0
FRAY RAMON,0
HUAMAN DE LOS HEROS,0
SAN MARTIN,0
LOS ANGELES,0
BUENOS AIRES,0
LA HUERTA,0
PUENTE NEGRO,0
BUSTAMANTE,0
SANTA TERESA,0
SANTA MONICA,0
SAN JOSE,0
EL ALAMO,0
SAN JUAN DE ROLDAN,0
SANTA ROSA,0
EL TIGRE,0
CINCO ESQUINAS,0
SAN JULIAN,0
CORTIJO,0
BANDURRIA,0
LA VICTORIA,0
SAN PEDRO,0
EL 25,0
SANTA LUISA,0
ANGOLA,0
SANTA MATILDE,0
SAN ANTONIO,0
GRAMAS,0
MALIBI,0
CANARIAS,0
TRES ISLAS,0
LAS LAGUNAS DE PUERTO VIEJO,0
PUERTO VIEJO,0
SAN ANDRES,0
LAS TERRAZAS DE SAN ANTONIO,0
CLUB DE REGATAS LIMA,0
CLUB BOCA LEON,0
CERRO LA VIRGEN (LA VIRGEN),0
BARRANCO,0
NUEVO SAN ANTONIO,0
LA HUACA,0
ESQUIVILCA,0
EL MONTE,0
LA LAGUNA,0
SANTA CRUZ DE FLORES,0
LAS GRANJAS,0
SAN ANDRES,0
LAS CALIZAS,0
SAN JOSE,0
CORRAL GRANDE,0
FABRICA DE CEMENTO CHILCA,0
PORTILLO NARANJO,0
TRES CRUCES,0
SAN VICENTE DE AZPITIA,0
BELLAVISTA,0
NUEVO SANTA CRUZ,0
A.H. JARDIN DEL SR. DE LURIN,0
BIENVENIDOS,0
ZUÑIGA,0
APOTARA,0
PAMPA GRANDE,0
CAMPANA,0
EL PALTO,0
RINCONADA (POQUIO),0
MACHURANGA,0
LARPA,0
CASCAJAL,0
SAN JUANITO,0
SAN JUAN,0
AUCO,0
CAULLAMA,0
TANO,0
PLAZAPAMPA,0
YACA,0
CERRO LORO,0
TARMA,0
PTE AUCO,0
SANTA ROSA,0
ZAÑIN,0
AYAUCA,0
TRANCA,0
ANDAHUASI,0
SHAJLUY,0
ANTARIQUE,0
ALICAMPI,0
LUCUMAPAMPA,0
CHUNCUPIA,0
CHIJLA,0
QUIRMAN,0
CALACHOTA,0
CONCUBAY,0
PATA,0
PACALAY,0
PUENTE PUTINZA,0
UCALLAY,0
CAPILLUCAS,0
CHICCHICAY,0
TURPA,0
PISCUYA,0
PICAMARAN,0
ESPUY,0
AZANGARO,0
AUÑA,0
MARCALLA,0
CANCARHUAY,0
SAN JOSE,0
IMILLAYPATA,0
CHAQUIPUQUIO,0
CANAY HUAJTA,0
QUISHCAPATA,0
TUNAHUASI,0
COLCA,0
CHAGRACANCHA,0
CHAUCHAS,0
GUITARRASCA,0
POROCCRO,0
LIRIOMARCA,0
CANOVA GRANDE,0
PUCARUMI,0
TACZANAYOC,0
SANTA CRUZ,0
CACRA,0
MASHQUIN,0
HUALUNA,0
OLCUTO,0
PICHALA,0
VILLAFRANCA,0
SAN JOSE,0
APALA,0
PUENTE HUANO,0
HUANO GRANDE,0
HUAYLLAMPI,0
SAN JERONIMO,0
IJATA,0
HUANCAMACHAY,0
JAMPINA,0
SICSIHUASI,0
CHAUPIPUCRO,0
CAÑAY,0
HUAMANRIPAYOC,0
CHAUPIHUASI,0
PATAHUASI,0
PAMPA CORRAL,0
HUILA PUCRO,0
POCOSO,0
HUARMICOCHA,0
SAYHUACOCHA,0
YANASHALLA,0
SAN FRANCISCO,0
CATAHUASI,0
CACHUY,0
CULLICANCA,0
CHAVIN,0
CAYPANCHICO,0
PAMPA GRANDE,0
CANCHAN,0
RIACHUELO,0
CONDOR PAMPA,0
CAYPAN GRANDE,0
PUEBLO ANTIGUO,0
MONTE,0
REPARTICION,0
ABASPATA,0
CALLANAPAQUISCA,0
CHOCOS,0
HUANCA PUQUIO,0
SICAS,0
HUAYABO,0
PALMA,0
PUEBLO NUEVO,0
QUICHCA,0
SUQUIA,0
BUENAVISTA,0
CARRIZAL,0
MALLAO,0
QUISHUAPATA,0
OLIVAR,0
HACIENDA,0
LUCUMO,0
HUAYACOCHA,0
TUNANCANCHA,0
ULLANCAY PITE,0
SAN JOSE,0
TUCSILLA,0
BELLAVISTA,0
LAMBRAS,0
SAN MATEO,0
SAN MIGUEL,0
TOTORA,0
SANTO TORIBIA,0
CHANCACHI,0
TAYAPATA,0
COLONIA,0
URCAY,0
QUEROQUERO,0
PONSER,0
CUSI,0
HUAYO,0
CAUCHUMA,0
HUANCHACA,0
CHUSPICHACA,0
QUIERIN,0
CASINTA,0
CALAPAMPA,0
MATUTE,0
BELLAVISTA,0
CACUSIRE,0
POMPUCRO,0
QUISCHE,0
VICHCA,0
PAMPACA,0
PACRICHE,0
VILCOCHA,0
OYUNCO,0
CHILQUICHE,0
PUSHICAMARCA,0
PISACHA,0
CHUCARQUIPE,0
ANCAROCHA,0
BETANIA,0
POROCHE,0
HONGOS,0
VISTA ALEGRE,0
PUCARUME,0
ARCOPAMPA,0
UCHAPARANA,0
PACHACHACA,0
LAMBRAS,0
PATAHUASI,0
LLACTAYOC,0
AYAHUASI,0
BUENOS AIRES,0
CHINALO,0
HUANGASCAR,0
PALLCA,0
CHICCHI,0
TRANCA,0
PAMPA COCHA,0
PIJO,0
ASYACLLA,0
MARAYPATA,0
HULLAS,0
HUACAULLO,0
CHILLACA,0
HUACLASH,0
CHAQUICOCHA,0
HUACAPAMPA,0
VINCULLA,0
UMIPIRCA,0
COLLQUICASMA,0
IPALLA,0
PUEBLO NUEVO,0
TINCO,0
HUACRA (MARAIPATA),0
ANTALLA,0
HUACHINGA,0
JATUNCHAYARA,0
HUAYCHAO MUAJANA,0
PISHCOTOQUIANA,0
CHOCALLA,0
QUINUAPAMPA,0
YANAMACHAY,0
PARAQUE,0
HUARIPITE,0
HUASIPATA,0
ANTAMARCA,0
MARCO PUQUIO,0
MARCO,0
CASALLA,0
LLUPAYA,0
TAPALLA,0
PARIONILLA CHICO,0
ATCAS,0
PALLOHUIRE,0
MANCHA,0
CHINCO,0
CHUMPICHE,0
CHIQUE,0
ÑUÑUNYA,0
CASPURO,0
HUARACCHIGIRE,0
CHILLULLA,0
SHUPAMPA,0
SHARAY,0
ATCASBAÑADERO,0
MITOCOCHA,0
LORICOCHA,0
CHACOTE,0
SHIUSHE,0
YUNCASH,0
SHUITUCO,0
TOTACOCHA,0
QUILLCATA,0
QUEROY,0
URPAYPUQUIO,0
SHABATICO,0
LLUMICHUCO PALLCA,0
LINCHA,0
AQUINHUA,0
PAMPA HERMOSA,0
OMAS,0
TANA,0
COCHAMARCA,0
ANTA,0
ACALA,0
USPACUTO,0
JATUN SEQUIA,0
MANYATO,0
MINAS,0
YANAJAJA,0
HUANANTA,0
CANCHAPATA,0
HUARACCHUPA,0
TANACORRAL,0
SASAYOC,0
PUCAPATA,0
HUAYCHA HUAJANAN,0
UCRO,0
CHACAMARCA,0
MIRAFLORES,0
MALAYPATA,0
MULLACA,0
UÑA HUATANA,0
CARCAPATA,0
PAMPA CERCA,0
CACHI,0
LLIHUAPUCRO,0
PACHAJ,0
PALMADERA,0
MITALHUASI,0
HIERBA BUENA,0
MULAPATA,0
OJORURO,0
LUCHUPATA,0
PATARCANCHA,0
JATUNHUASI,0
HUAMARISAYOC (HUAMARIPAYOC),0
PISCOPAMPA,0
PATACHUCLLA,0
COMPISMACHAY,0
PAMPA HUASI,0
UCHUC HUALLCAYOC,0
CHAQUIPATA,0
TUNCHAULLA,0
PACCHAPATA,0
JINCHUPUQUIO,0
AZUL RUMI,0
CANCHAPATA DE LINCHA,0
LANRA CUCHO,0
JOLLPABADO,0
SAYHUA,0
SANCHIS CANCHAN,0
SULLUMACHAY (SULLUMACHAY),0
HUANACALLPI,0
AYAMACHAY,0
RUMI CHACA,0
ALLJAHSUCO,0
MAYU CHACA,0
SUJU HUANCA,0
TAMBO,0
PALLCA,0
INCA CORAL,0
MADEAN,0
PUCARUME,0
OTUTO,0
MANGO CHACA,0
SHUGUL,0
HISSHOC,0
MALAGNIYOC,0
CHUSPICHINA,0
CAUQUITO,0
YUNCAYPARA,0
CHUNAPATA,0
TUMUNA,0
VISCAYA,0
SILLAPITE,0
USHPACANCHA,0
POJLOJ,0
PARIONILLA,0
JANCHILLA,0
HUANCARUME,0
ACHO,0
COCHAPAMPA,0
PALLCA DE MADEAN,0
TACUL,0
PALLCA DE HORTIGAL,0
HORTIGAL,0
CEBADA PATA,0
TENERIA,0
CABRAHUASI,0
TOTORA,0
TULLO,0
JULLPAYOC,0
QUEÑUAYQUERO,0
CHOJOY,0
HINANCANCHA,0
MOYA,0
MISQUIACO,0
CHAUCALLA,0
VACAMACHAY,0
SHUYRIQUE,0
CANCHAPALLCA,0
PONCUCHE,0
TANTAYOC RUMI,0
TAYAHUASI,0
CUÑI,0
JANTO CORRAL,0
PAMPAPUQUIO,0
UCRUHUASI,0
JUSHPANCO,0
LLACSACANCHA,0
VERACRUZ,0
CUNCAYOC,0
CHACUY,0
PAMPA GRANDE,0
IMILLAYPATA,0
CLAVELPATA,0
CERCAHUASI,0
VISTA ALEGRE,0
TALLAMARCA,0
LINDIROYOJ,0
CULLUHUANCA,0
MOLLUHUASI,0
RUNAHUAÑUSA,0
PALCACANCHA,0
UCHUCCHUASILLA,0
PUMACHARAJ,0
PASJANGA,0
JULLPAPATA,0
HUACHURUME,0
PUCARUME DE TAYAMARCA,0
JATUNCANCHA,0
JARAPATA,0
TOTACOCHA DE AUQUICHANCA,0
CHORJAPATA,0
COSTALCANCHA,0
OMAS,0
LAQUIS,0
HUANCA,0
CIGUENCIA,0
ARZOBISPO (OBISPO),0
MURALLA,0
ESQUINA DE OMAS,0
VISCACHERO,0
CUMIAS,0
CACHUNA,0
CANOA,0
HUARANGAL,0
HORNO,0
PUEBLO VIEJO,0
HUAYABO,0
CAMPAMENTO,0
PUTINZA,0
AMPIAPU,0
SUSUMA CHICO,0
ANTARCO,0
MANAJA,0
HUATRA,0
ANAIRO,0
MASACA,0
ERHUACA,0
VICHICA,0
NARA,0
HUACHICOCHA,0
SAN JUAN DE CHILLA,0
CHILLALALA,0
TAURIPAMPA,0
SHONCO,0
POROCOCHA,0
KENEGUA,0
SUYUCU,0
CHINCHES,0
CONCEPCION,0
SANTA CRUZ DEL VALLE,0
LUCUMAR,0
YANTUYA,0
TUPE,0
CHIURE,0
ANCHIQUE,0
AIZA,0
VICHCA,0
PURUMUTA,0
LUCMO,0
COMUNIA,0
CUYA,0
COLCA,0
CURISHUASI,0
ATUNUCO,0
HUANTURO,0
VIÑAC,0
LLANGAS TAMBO,0
QUICHCA,0
SUQUIA,0
PALLCA,0
PARPAYA,0
HUAYLLALLA,0
CRUZPAMPA,0
COCHAPUNCO,0
PICUNSA,0
CASANMAYO,0
ACUACO,0
ASTUMARCA,0
MALCOCHE,0
APURÍ,0
HUAYCHAUHUACANA,0
PAMPA UÑA,0
UMPULLACANCHA,0
ALLIJATE,0
PAQUI,0
ANCAHUA,0
MARCALLA,0
GRAU,0
PIRAHUACHI,0
PIRHUAYOC,0
ANCAYACERCA,0
SOYOMUCO,0
SAN JOSE,0
PAMPA ROSARIO,0
SHUTCO,0
LAS FLORES,0
ESMERALDA,0
SUYUCHA (JANTA),0
TAMBOPATA,0
AYÑOCAY,0
PICHACA,0
CASABLANCA,0
YURACSAYHUA,0
VILLA HERMOSA,0
FLORIDA,0
AYACERCA,0
TOTORA,0
CRAGRAHUASI,0
TAYAHUASI,0
JANGAO,0
UYARICO,0
SHUYUCHA,0
SHALLALLI,0
HUATIANA,0
PIPILMACHAY,0
HURCUTUNA,0
JALLA,0
PUNCO,0
CUYO,0
PATARCANCHA,0
PACCHA,0
CHICUROYOC,0
MISQUICOCHA,0
ARENAL,0
CATALUNYA,0
CORTIJO,0
LA VUELTA,0
LA ERA,0
CORREVIENTO BAJO,0
PEDREGAL,0
LIMON,0
LOS REYES,0
SAUCE,0
CONDORAY,0
SANTA CLOTILDE,0
MIRAFLORES,0
VILLA PARAÍSO,0
MIGUEL GRAU,0
PAMPA TORO,0
LA HUACA,0
EL PINO,0
SAN MARCOS DE LA AGUADA 2da.ETAPA,0
A.H. DIGNIDAD NACIONAL,0
A.H. SANTA ROSA,0
A. H SALITRAL,0
SAN JOSE,0
SANTA ROSITA,0
EL ARENAL,0
MINA CONDESTABLE,0
MINA RAUL,0
ELIDA,0
VEINTISIETE DE DICIEMBRE,0
LOS CIPRECES,0
SAN HILARION,0
FLORES,0
LA JOYA,0
FOPAS,0
CHILLA,0
TOTORAL,0
HUAJLUTA,0
CALIPAMPA,0
LAICHA,0
LAUCA,0
CHUPACA,0
SHALLE,0
UNCHUDUYO,0
LLOJLLA,0
JITA,0
UCHUPAMPA,0
LA PAMPA,0
JACAYITA,0
AMPOCA,0
CORRALON PATA,0
PALLCA,0
PUIQUI,0
CHICSHA,0
HUANTAPILLA,0
SAN MIGUEL,0
YASCA,0
LLACTA,0
TAYAPAMPA,0
SHINA,0
JERONA,0
CHUQUINA,0
CHOCASA,0
QUICHUALLA,0
SIBIA,0
QUISCAY,0
USHCO CHICO,0
USCHO GRANDE,0
NENISO,0
ECHUCA,0
CORIDUMIA,0
ESTANQUE,0
SAN MARCELO,0
CANCHIPAMPA,0
COTOCHA,0
HUAYRA PUCRO,0
SIBIA,0
ANTAMATA,0
CACSANA,0
MULACANISHO,0
OYUNCO,0
PAMPUYTACA,0
HUANCA CORRAL,0
ACUPAMPA,0
CASA BLANCA,0
SAN ANTONIO,0
CANTA GALLO,0
SAN MIGUEL,0
LLANGAS RINCONADA,0
UMACHURANGA,0
ARMANCA,0
MOLLE GRANDE,0
LAURIMARCA,0
SAN ISIDRO,0
SAYHUA,0
MARCOCANCHA,0
JATUMPUQUIO,0
HUAYHUAYOC,0
MOLLEPUQUIO,0
INCA,0
PATI,0
MALLAY,0
MUSHCA,0
TACUASI,0
AJOBAMBA,0
CHIURI,0
LLAMIONSO,0
CHUCPALLA,0
HUYZAPAMPA,0
PAMPAYPATA,0
CACACHI,0
MANTA,0
PILLQUINE,0
PACALA,0
CHUNGUY,0
PUMACOCHA,0
HUANCARCOCHA,0
MANGRUY PAMPA,0
HUACONA,0
MUCHJALA,0
USHCANSHA,0
ANTAULLO,0
BELLAVISTA,0
PIEDRA GRANDE,0
CARHUAY,0
SHACSHAHUILCA,0
AYARUMI,0
SHIMUCO,0
RAYUSCA,0
PAQUI,0
HUAYLLURAN,0
ACUPACHA,0
MARAIPATA,0
MARAIPATA,0
SAN JOSÊ,0
TAPALLA,0
TUCU,0
RUNASAMANAN,0
HUAMPUCULLA,0
MARCAPATA,0
CUNYARI,0
JATUNCERCA,0
MARCAL,0
ANTAPACHA,0
LLANCA,0
CUTIMULLO,0
HUANCHUY,0
HUATARA,0
LAYAMPATA,0
CERCA,0
HUACAYLLOPATA,0
SITACHE,0
CURCUNTA,0
CHAQUIPATA,0
CHAUCAS CHICO,0
CHAUCAS,0
HUACAYLLO,0
TUCSA GRANDE,0
CHURANCA,0
HUILAHUILA,0
AYCHAPUCRO,0
CHACAPAMPA,0
SHAYAC CHICO,0
URCAY,0
PIRHUANCA,0
PARIONAL,0
ÑUNYA,0
ATAPURO,0
ANUCARA,0
HUSTUNA,0
SICLA,0
ULLUCAY,0
PACCHA,0
CHINCHAY,0
TUNAUJO,0
ANTACANCHA,0
TUCUHUAJANAN,0
LUNRA,0
CARHUACRUZ,0
CARCAPATA,0
ATACOCHA,0
ISCAYCOCHA,0
CUYRUPCANCHA,0
CARHUACRUZ,0
LINDAYOC,0
SANTA MARÍA,0
HUAYRURUMI,0
LUCHUCHO,0
USCUCHACA,0
PARIA PAMPA,0
PALLCA,0
LANCATO,0
COROPCHUCLLA,0
YARO,0
CHILLIPAHUASI,0
ISCO,0
CHUCULLO,0
ANCOCUCHO,0
CHAMPAHUASI,0
YAULIOS,0
LAS PIEDRAS,0
CHUCUMARCA,0
RAMADILLA,0
BAYA,0
CURITACUNA,0
CORRALONES,0
PAUNILLA,0
SAN VICENTE DE CAÑETE,0
EL CHILCAL,0
HUALCARA,0
SAN ANTONIO,0
PLAYA HERMOSA,0
SANTA ROSA ALTA,0
CERRO BLANCO,0
SAN MARTIN,0
CUIVA,0
HILARION,0
ENCAÑADA,0
COCHAHUASI,0
MONTE JATO,0
UNGARA,0
SAN CARLOS,0
SANTA SOFIA,0
LA ESMERALDA,0
SANTA TERESA,0
ISLA BAJA,0
ESPIRITU SANTO DE PALO,0
CLARITA,0
HERBAY BAJO,0
VENTUROSA,0
SAN JUAN ALTO,0
HERBAY ALTO,0
LAS LAGRIMAS,0
ARENA BAJA,0
CHACARILLA,0
ARENA ALTA,0
CERRO AZUL,0
PAMPA DE LOS LOBOS,0
CASA BLANCA,0
PAGUATODO,0
CASA BLANCA,0
PUENTE TABLA,0
IMPERIAL,0
SAN ISIDRO,0
LA MINA,0
CASA PINTADA,0
CERRO ALEGRE,0
SAN JERONIMO,0
PAULLO,0
SAN AGUSTIN,0
LUCUMO,0
SOCSI,0
RAMADILLA,0
NUEVO IMPERIAL,0
SAN FERNANDO,0
PUEBLO NUEVO CONTA,0
CARMEN ALTO SAN MIGUEL,0
SAN ANTONIO,0
CALTOPA ALTA,0
ALMENARES,0
CANTERA ALTA,0
EL PARAISO,0
JOSEFINA,0
CALTOPILLA,0
LA ENCAÑADA DEL PORV ENIR,0
AUGUSTO B. LEGUIA,0
LA FLORIDA,0
CERRO LIBRE,0
SANTA MARIA,0
MIRAFLORES,0
SAN LUIS,0
FRONTON,0
CERRO SAN PABLO,0
LAGUNA ENCANTADA,0
LAURA CALLER,0
LA HUACA,0
DON OSCAR,0
SAN JUAN DE ARONA,0
EL OLIVAR,0
SAN PEDRO,0
SANTA BARBARA,0
LOS HUACONES,0
CCOÑACANCHA,0
CHUCCHO,0
MATANCIANA,0
JATUN ORCO,0
HUANCO,0
LUIS UNO SUR,0
LUIS DOS SUR,0
DOÑA ROSA,0
TRANCA,0
CERRO SAN ANTONIO,0
TUPAC AMARU,0
SANTA MERCED ALTO,0
SANTA LUCIA,0
ARENAL,0
SANTA ROSA,0
SAN FRANCISCO CHICO,0
JUAN DE CANTAGALLO,0
CERRO DE LA CRUZ,0
SANTA CRUZ,0
LA MEJORA,0
CONTA,0
ROMA,0
LA EZPERANZA,0
SANTA ROSA,0
MELCHORITA,0
CANTERA BAJA,0
SANTA MARIA,0
CARRIZALES,0
SAN JUAN,0
CERRO LAGUNA,0
VILLARREAL,0
SAN FRANCISCO,0
SANTA ADELA,0
VISTA ALEGRE,0
LOS OLIVOS,0
SANTO TORIBIO,0
SAN CARLOS,0
SAN HIPOLITO,0
DON LUIS,0
SAN ROQUE,0
SAN MARTIN,0
CANCHAN,0
MOLINOS,0
SANTA ROSA BAJA,0
SANTA ROSITA,0
MAMALA,0
SANTA MARIA,0
SAN GERMAN,0
EL ROSARIO,0
PALMA,0
PEÑA,0
ESPERANZA,0
SANTA ANGELA,0
SAN AGUSTIN,0
PAMPILLA,0
SAN PEDRO,0
PAMPA GRANDE,0
LA CRUZ,0
SANTA MARGARITA,0
EL CONDE,0
SANTA ROSA,0
EL CARMEN,0
EL MONTE,0
ISLA ALTA,0
CONCON,0
CALTOPA,0
CASALLA,0
LA ARENA,0
LOANO,0
UCHPA PATA,0
PICHCA PUQUIO,0
ESCUATIANA,0
CUYURUPASA,0
LASPACANCHA,0
TORRE MANCHAY,0
PUCAMAYOC,0
TINCO,0
PUCARUM,0
ANCON,0
CARABAYLLO,0
LA RINCONADA,0
HUATOCAY,0
SAN DIEGO,0
BUENA VISTA,0
CHOCAS ALTO,0
TRES UNIDOS,0
CHOCAS BAJO,0
CASINELLI,0
CABALLERO,0
HUARANGAL,0
FRAY MARTIN,0
SANTA ROSA DE PUQUIO,0
COCHICORRAL,0
PUNCHAUCA,0
LA CRUZ,0
JICAMARCA,0
BLANCA,0
PEDREGAL,0
NICOLINI,0
HUACOY,0
CAÑON,0
CABAÑA SUCHE,0
PUEBLO VIEJO,0
EL PACIFICO,0
SAN LORENZO,0
JOSE C. MARIATEGUI,0
PASCAL,0
LA ESPERANZA,0
FUNDO PANCHA PAULA,0
GRANJA FINA,0
CHACLACAYO,0
LA LIBERTAD,0
INDEPENDENCIA,0
LOS OLIVOS (LAS PALMERAS),0
CHOSICA,0
PUENTE PIEDRA,0
SANTA ROSA,0
JARUNA CORRAL,0
CARHUAPAMPA,0
CHIRINGANO BAJO,0
CONDOR HUINCO,0
CHAULLI,0
YARGAME,0
ESTACION,0
CORCHACA,0
CUNGUY,0
CARHUA,0
CURCUY BAJO,0
ARAHUAY,0
CUTUHUANCA,0
ANTAMASA,0
OROBEL,0
QUISO,0
COPACABANA,0
LICAHUASI,0
PIRHUINCO,0
ARCHU,0
SHUMAY,0
PISCOBAMBA,0
COLLO,0
HUAYO,0
PURUCHUCO,0
ANUYCHACRA,0
LACHAQUI,0
APIO,0
CHINCHILCAY,0
TOTORCOCHA,0
CULLPA HUINCU,0
QUISQUICHACA,0
CANCAOPUCRO,0
HUANCHUMPARA,0
TIERRA AMARILLA,0
CUCUCHA,0
AYARA,0
CARACHUANCA,0
PISCUNCHAY,0
TRANCA,0
SAN LORENZO,0
PUMACOCHA,0
AGUA BENDITA,0
ACOCHAN,0
VISCAS,0
SURCA,0
CARCARIN,0
ANTAHUINCO,0
SHOCONTO,0
MUCCHO,0
POTACA,0
CARPAHUASI,0
MARCO PAMPA,0
COTABAMBA,0
MAL PASO,0
NUEVO SAN JOSE,0
YANGAS,0
RAMO,0
PAMPACOCHA,0
PICHUPICHU,0
YASO,0
POCTA,0
PUEBLO VIEJO,0
CASA QUEMADA,0
PIEDRA BLANCA,0
PICULLO,0
APAN BANDA,0
APAN,0
PANIZO,0
VEINTICINCO,0
HUANCHUY,0
LLIPATA,0
HUAR HUAR,0
HUAYUPAMPA,0
SANTA ROSA DE QUIVES,0
LA CABAÑA,0
LARANCOCHA,0
CHECTA,0
HUAHUAYOR,0
PUCARA,0
SANTO TORIBIO,0
HUERTA VIEJA,0
SANTA MARIA,0
MAGDALENA,0
BARRIO PRIETO,0
EL ALTILLO,0
LETICIA,0
CERRO BLANCO,0
HORNILLOS,0
HUARABI ALTO Y BAJO,0
COCAYALTA,0
CANCHA,0
MACAS,0
ZADAN,0
HUANCHIPUQUIO,0
QUILCA,0
TRAPICHE,0
ESQUIVEL,0
LOS PUQUIOS,0
SORPRESA,0
DONOSO,0
SANTA ELENA,0
LA HUACA,0
CONTIGO PERU,0
EL ANGEL MACATON,0
LA VEGA,0
LOS POZOS,0
CASA VIEJA,0
AUCALLAMA,0
HORCON,0
CAYAN,0
PAMPA HERMOSA,0
TRES ESTRELLAS,0
EL OLIVAR,0
SEÑOR DE LOS MILAGROS,0
MIRAFLORES,0
EL RINCON,0
TAMBILLO,0
SAN JOSE,0
SAN JOSE BAJO,0
SAN LUIS,0
BOZA ALTA,0
CASABLANCA,0
SAN GRACIANO,0
GRAMADAL,0
BUENA VISTA,0
BOZA,0
BOZA BAJA,0
BOZA CANDELARIA,0
BOZA CANDELARIA LEYVA,0
PASAMAYO,0
VIRGEN DEL CARMEN,0
CHACRA Y MAR,0
CHANCAY,0
PAMPA LIBRE,0
NUEVA ESTRELLA,0
CERRO LA CULEBRA,0
LAURE NORTE,0
CALERA,0
QUEPE PAMPA,0
MOLINO HOSPITAL,0
LOS TILOS,0
LAURE SUR,0
TORRE BLANCA,0
BUENA VISTA,0
28 DE JULIO,0
LUNAVILLA,0
MATUCANA,0
CHACAYA,0
BURRICOPUQUIO,0
QUICHA,0
ICHOCA,0
SAN JUAN DE ALLAUCA,0
ALCACOCHA,0
CHICHI,0
PAIHUA,0
ANTAPIRCA,0
HUACHUCANCHA,0
COLLANA,0
CARACANCHA,0
MACUMPATA,0
COMUNPATA,0
CHUCCHO,0
CHALLAPE,0
HUARIQUIÑA,0
MONTERRICO,0
MOYOC,0
PUERTO NUEVO,0
CACACHAQUI,0
LLICAN,0
CHACAHUARO,0
UMAZAMBA,0
YANAMA,0
MARACHANCA,0
SOCA,0
PACOTUPE,0
HUILLPA,0
HUILLAQUE,0
HULLAMARCA,0
BARRANCO,0
HUILLPA CHICO,0
HUANARCA,0
MUYO MUYO,0
CAMARON CORRAL,0
CALLAHUANCA,0
TANDARI,0
CHAUCA,0
CHAICHE,0
PICHURARAN,0
SINGUNA,0
TIERRA BLANCA,0
BARBA BLANCA,0
PORONHUASI,0
TUCRE,0
CARAMPOMA,0
HUANCASH,0
TUCUMACHAY,0
INCACANCHA,0
COCHAYOC,0
UCO,0
CUEVAS,0
CANCHAYOC,0
MILLO,0
PALLCA,0
CONDOR PASA,0
CRUSCANCHA,0
CHAUCAPALCA,0
RIRCAY,0
TINGO,0
VILCAPAMPA,0
CULICANCHA,0
CHICLA,0
UCUSCANCHA,0
EL CARMEN,0
CASAPALCA,0
CARANACONGA,0
YAULIYACU,0
BELLAVISTA,0
POMACANCHA,0
TAMBO,0
ANCHE ALTO,0
ANCHE,0
VISTA ALEGRE,0
RIO BLANCO,0
CARUY,0
SAN LORENZO DE HUACHUPAMPA,0
QUISHUAR,0
HUAMANCACA,0
YANAMA,0
QUILCAMACHAY,0
PACRAY,0
HUANTAY,0
VICAS,0
LUCUMA,0
POMACOCHA,0
SHULCHA,0
CHALLAMAYO,0
PARIACOCHA,0
HUANZA,0
QUIUSHA,0
CORTE,0
ACOBAMBA,0
HUAYCHUYPAMPA,0
COLLPA,0
HUARIHUARDO,0
FINLANDIA,0
PICHAG,0
PACO PACO,0
HUASCA,0
COLLQUE,0
AURELIO,0
SHICACANCHA,0
MINA CAMINO,0
CARAO,0
CUNYAC,0
CHUIME,0
CONDORCHUOCHO,0
YANAC,0
SAHUAC,0
ARMA,0
QUILCASQUI,0
YAURI,0
MARHUAYQUE,0
LARAOS,0
PUCROCOCHA,0
ACOBAMBA VIEJO,0
CASAMACHAY,0
HUANCAHAHUE,0
YURGAMITO,0
PATACANCHA,0
GARBANZOPATA,0
CALERA,0
YURACANCHA,0
SANCHEY MACHAY,0
CHAQUICOCHA,0
PATAYORCO,0
CHINCHAN,0
YACO,0
RICARDO PALMA,0
SOL Y CAMPO,0
RANCHITO,0
CUPICHE,0
NUEVO CUPICHE,0
CUARENTAIDOS Y MEDIO,0
SUSANA PARODI,0
LLANCHA,0
CHINCHINA,0
PANCOSA,0
SAN MIGUEL DE CHARACUAYQUI,0
CHINCHAGOZA,0
CASAMA,0
ANSUGAY,0
CANSACOTO,0
CHACLLA,0
PACLLAHUANCA,0
JUNCARA,0
COLLATA,0
JICAMARCA,0
LUNA Y SOL,0
AUTISHA,0
PUENTE VERDE,0
CUSPANCA,0
HUANCHUNYA,0
PIEDRA BLANCA,0
HUAYCOLORO,0
SAN BARTOLOME,0
QUINCHE,0
ARAMPAMPA,0
ESPERANZA,0
TORNAMESA,0
RUPIA,0
SHIHUACOTO,0
TINTOSA,0
HUALLAY,0
COSACALLA,0
CHACRA CHACRA,0
LLUJULLUAIQUE,0
CINCO CERROS,0
CASATEJA,0
PACAE,0
RINCON,0
CHACACHA,0
LA BANDA,0
CHACRA ALTA,0
PROGRESO,0
CHACACHON,0
CHACRA NUEVA,0
MURALLA,0
PAITE,0
MOLLE,0
VENTANILLA,0
MAYHUAYQUI,0
HACIENDA,0
CHAUTE,0
CUNICHA,0
RECRICA,0
CHANAPE,0
HUARACANCHA,0
PUMAMAZA,0
HUALLAURURI,0
COMPUNCO,0
CANTAGA,0
PALIA,0
PANCOSA,0
CHALILLA,0
SAN MARCELO,0
CHAUCHIQUILLA,0
TAMPUCANCHA,0
PIEDRA LEON,0
PICHCAMARCA,0
SACALLANA,0
PICAHUAYRE,0
QUIQUICANCHI,0
ARHUARA,0
SHAJSHA,0
EUQUIPA,0
CHUTUHUARACA,0
OQUIDA,0
CATAVILLA,0
TAUCATA,0
PANCAURURE,0
CHAUCALLA,0
CUEVACEL,0
SALAPUCLO,0
CASAGOSA,0
CUNCHUPUNGO,0
TAQUIA,0
HUATA CANCHI,0
TAGALSICA,0
QUILQUICHACA,0
CHINCHILLA,0
LABANA,0
YAMATE,0
YANACIRI,0
SAN JUAN DE IRIS,0
TURIAYI,0
YACO,0
MALAMBO,0
SHICSANHUAYLLA,0
PISHCO,0
HUALLUNCA,0
HUANAKIRMA,0
TINGO,0
CULLICPATA,0
CHUMPICOCHA,0
AGUACANCHA,0
PACCHA,0
SUIRICOCHA,0
HUARRA RAYO,0
COLLQUEPUCRO,0
LIMACTAMBO,0
SAN MATEO,0
CACRAY,0
QUISHCAPA,0
WARIPAMPA,0
MATIPARADA,0
ACHINCOCHA,0
COLLATA,0
OCATAPA,0
AYAR ALTO,0
AYAR BAJO,0
CHANUYA BAJO,0
TAMBORAQUE,0
HUAQUECHA,0
SOCOCHA,0
PORTILLO,0
MAYUCO,0
CHOCCNA,0
SAN JOSE DE PARAC,0
PACOTA,0
HUAMUYO,0
MINA CORICANCHA,0
TAMBO DE VISO,0
SAN MIGUEL DE VISO,0
MILLOTINGO,0
PAUCACORRAL,0
PACOCOCHA,0
YURACMAYO,0
SAN JUAN DE LANCA,0
SAN MATEO DE OTAO,0
CANCHACALLA,0
HUALELUCMA,0
ANTAPAL,0
QUINCHES,0
TULLULME,0
HUAYACOCHA,0
HUALAL,0
HUILE,0
SALPIN,0
PUNA,0
SANTA CRUZ DE UCROS,0
PARCAHUASI,0
LUCMAY CHICO,0
CHILLAN,0
LUCMAY GRANDE,0
COMUN,0
CAYPUMA,0
SEXULA,0
TARICARA,0
ANCACUCHO,0
REPARTICION,0
CUMBE,0
LAYA,0
PARGUAY (LLOQUE),0
SAN PEDRO DE CASTA,0
UPICA,0
HUINCO,0
VADO,0
CUMPE,0
VEQUIL,0
COSHCA,0
MAYAHUAY,0
COCACHACRA,0
OSCOLLA,0
MASIPA,0
YANAMAQUI,0
RETABLO,0
YANAMAQUI ALTO,0
CARACHACRA,0
CORCONA,0
SANTA EULALIA,0
BELLAVISTA,0
SAN GERONIMO DE PUNAN,0
FUNDO HUAYNANI,0
LUCMA SECA,0
PALLE NUEVO,0
SAN JOSE DE PALLE,0
LAS MONJAS ALTO,0
SANTA ROSA DE PALLE,0
CHUNE,0
PARCA,0
HUAYORINGA BAJA,0
HUAYORINGA ALTA,0
HUACHINGA,0
PURHUAY,0
SANTIAGO DE TUNA,0
SACASANCHI,0
LUCUMANI,0
HUANCRE,0
CHILCA,0
SUCHE,0
HUARAHUARA,0
HUALAPUNCO,0
TAMA,0
SURCO,0
CHACRA ALTA,0
HUACHOCANCHA,0
EDUARDO DE HABICH,0
LINDAY,0
AYAS,0
HUYOPAMPA (SOCOMPE),0
TAMBO,0
PACHACOTO,0
SONGOS,0
AYANHUARI,0
ESQUINA SONGOS,0
ELECTROSUR,0
HEPSA,0
TUSHANE,0
VERRUGAS,0
HUARANGO,0
CHUQUIPAMPA,0
LAYA,0
JURCO,0
HUANANO,0
HUAYCOCHA,0
CHAPO,0
HUIQUE,0
HUAQUICHA,0
ACLLE,0
NEGRO JUANA,0
QUISHU,0
CARCASHIQUE,0
PALA CALA,0
YONCOCA CHICO,0
ANTACHES,0
AYAMARCA,0
CANTO,0
YONCACA GRANDE,0
CHINGANA,0
PICOY,0
SANTA ROSA,0
QUILHUAY,0
PUCURUNCHE,0
NINABAMBA,0
CANDELARIA ALTA,0
AGUA DULCE,0
LOS PASTOS,0
LA VIÑA,0
EL CORTIJO,0
LA JOYA,0
CHACARILLA,0
SANTA ROSA,0
GALLEGOS,0
PELAVILLO,0
PAMPA DEL INCA,0
EL AMAUTA,0
LOS PACAES,0
LIMONCILLO,0
BAÑOS BOZA,0
BARRANQUITO,0
SALINAS ALTA,0
SANTA ROSA,0
COVIDA,0
PREVI,0
GRAMADAL,0
SAN JUAN MASIAS,0
SOL DE ORO,0
TAHUANTINSUYO,0
SAN FERNANDO,0
SAN HILARION,0
HUAYRONA,0
CANTO GRANDE,0
HUASCAR,0
NARANJAL,0
CHUQUITANTA,0
BELEN,0
URBANIZACION PRO,0
PRO LIMA,0
SAN PEDRO,0
EL CARMEN,0
DIOS ES AMOR,0
SANTA ISABEL,0
SAN FELIPE,0
SAN CARLOS,0
GALLINAZOS,0
CAPITANA,0
SANTA ROSA,0
JERUSALEN,0
SAN FRANCISCO,0
LEONCIO PRADO,0
MICAELA BASTIDAS,0
EL DORADO,0
LAS VEGAS,0
NARANJAL,0
CERRO DE PASCO,0
SOLEDAD,0
SANTA LUSMILA,0
SAN AGUSTIN,0
CHILLON,0
LA FLOR,0
RAUL PORRAS BARRENECHEA,0
EL PROGRESO,0
SANTA BARBARA,0
NARANJOS,0
COLLIQUE,0
LETICIA,0
MALPICA,0
LA MOLINA,0
ESTABLO PUNCHAUCA,0
LA CAMPANA,0
CUADROS,0
SANTA INES,0
MIRAMAR,0
MONTE HUITRON,0
POZO AZUL,0
CANDELARIA,0
SAN FRANCISCO,0
SANTA ROSA,0
LOS AMAUTAS,0
LA PASCANA,0
NUEVA ESPERANZA,0
BAYOVAR,0
EL TRIUNFO,0
VILLA LETICIA,0
JICAMARCA,0
JUAN PABLO II,0
SANTA MARIA,0
TUPAC AMARU,0
SECTOR OESTE,0
MONTENEGRO,0
CARAMELITO,0
FRATERNIDAD,0
MARÍA PARADO DE BELLIDO,0
TRES UNIDOS,0
PEDREGAL,0
ALCACOTO,0
PAYPAY,0
MI REFUGIO,0
ARMAS,0
PACCHE,0
OLIVO,0
QUILLAYCOTO,0
ANANCHACRA,0
MARAMARA,0
COCUCHA,0
TACURMA,0
RUCUMANI,0
YANI,0
CALLPACOCHA,0
PAHUARAY,0
GOTUSH,0
HUARIPA,0
LANCHA,0
CHUPA,0
LUCMA,0
SAN JOSE,0
PIRAHUANCA,0
PACAYBAMBA,0
HUAYO,0
CUPACO,0
CHUNCHUPAY,0
CHALLALLO,0
HUAYLLAHUASI,0
ANSA,0
SACRACCHI,0
COLLPAPUQUIO,0
ESCALON,0
QUISUARPERCA,0
SOTOCONGA,0
CURITUTO,0
HUAYOCO,0
CHACALLPAMPA,0
RETAMA,0
SAN MIGUEL,0
VALLECITO,0
CHINCHILLAY,0
AMPATU,0
CARAPONGO,0
CARAPONGUILLO,0
ÑAÑA,0
ALTO PERU,0
HUASCATA,0
ALFONSO COBIAN,0
EL CUADRO,0
MORON,0
SANTA INES,0
LOS CONDORES,0
LOS ANGELES,0
SAN ALBERTO,0
HUAMPANI ALTO,0
HUAMPANI,0
CALIFORNIA,0
SANTA MARÍA DE CHOSICA,0
LA CANTUTA,0
NICOLAS DE PIEROLA,0
MARISCAL CASTILLA,0
BUENOS AIRES,0
PIERA GRANDE,0
QUILCA,0
YANACOTO,0
SANTA ANA,0
TORNA MESA,0
LANCA,0
MAISAL,0
SACAYAURE,0
TUÑUQUE,0
CACHA HUAGRA,0
CASA GRANDE,0
HUAYOCOCHA,0
POTOCOCHA,0
SHEQUE,0
CURICANCHA,0
CHONOPAMPA,0
HUAYHUINCA,0
QUIEBRA ONDA,0
CUEVA DEL SOLDADO,0
CULLUY,0
TAMBILLO,0
TRANCA,0
PUILLE,0
SHIHUALLA,0
PACATE,0
SAUCE,0
CALABAZA,0
CHACRASANA,0
LUCUMANI,0
TINGO,0
CAJAMARQUILLA,0
CALERAS,0
PARIA MINA,0
MIO,0
HUANCA,0
HUACHAC,0
PACLANCA,0
TINGO,0
CHOJAQUE,0
CASACANCHA,0
COLUTA,0
HUANCAMACHAY,0
URPASHCA,0
CHACCHA GRANDE,0
CARHUAC,0
PATALLAQUE,0
ACUSHICA,0
SHUNCHA,0
LLIRU,0
CHACA,0
HUISCACANCHA,0
CHALLUNI,0
TACPI,0
SHAYGUA,0
PALLCA,0
MALLA,0
PUNTERUMI,0
LUCUMANA,0
MIRAFLORES,0
MIRAMAR,0
ARENAL,0
LA TOMA,0
PUCCHANE,0
ANCHIMAJA,0
SACRAMPE,0
PUEBLO LIBRE,0
YANAJOME,0
TINLLA,0
QUITA,0
CHACRA ALTA,0
MALAIPUNCO,0
HUAQUINA,0
URURI,0
CHINCHAGOZA ANTIGÜA,0
HUACHICONA,0
QUEÑIHUA,0
MALCANCHI,0
LLANAHUANCHI,0
PERQUESHICA,0
UQUIA,0
MAQUINCAR,0
PALLICACHE,0
PIQUICHOAIRE,0
MONTEPATA,0
MILCA,0
NIÑO PAMPA,0
SAN PEDRO,0
LOS OLIVOS,0
HUARIPAMPA,0
CHUCLOCUYA,0
CHILCA,0
PUQUIÑA,0
TIMAPAMPA,0
HUANGRO,0
HUISHCOL,0
UNTURIOS,0
VISTA ALEGRE,0
ESCOMPILLA,0
MOCHO,0
URANMAYOC,0
PARCOCHACRA,0
HUACHILLON,0
MANCHAY,0
MITUALLANA,0
HUISHCACANCHA,0
ATACRA,0
AYUYOC,0
MAGDALENA,0
CHINCHAN,0
ANAY,0
ORCOCOCHA,0
SACALLA,0
UNTUN,0
PUCARA,0
MATAL,0
CHIQUILLA,0
APTOS,0
MATAGA,0
PAMPACANCHA,0
AYARHUAYQUE,0
YANAMA,0
ATUNGA,0
JUPAY,0
PURUCHAJA,0
UCJO,0
JURIPATA,0
CHICLLAPATA,0
PALAPANCHA,0
TUCUPAYEN,0
INGENIO,0
JAULLAMA,0
PILCOCANCHA,0
PATACANCHA,0
HUICLLO,0
PAMPACANCHA,0
HUARMUNE,0
SHULLAC,0
VENTANILLA,0
PUCACORRAL,0
LLANCAY,0
PUCLUNCHI,0
CHOCNA,0
SANTA PAMPA,0
ALLURAN,0
TOCLLA,0
HUAQUI,0
CHUCLLAPAMPA,0
ROPACOTO,0
CARHUACAYANGA,0
CURCO,0
HUACAYPACA,0
LLAMAPISILLO,0
CASHIPATA,0
CHAYANCA,0
QUISQUIS,0
NAUYANA,0
OCUSUYO,0
CACHAPATA,0
GUACAYAN,0
MATACORRAL,0
CUYIPUCRO,0
GARBANZO,0
CLASIFICADOR,0
HUARANGAYO,0
AICAGRANGA,0
PUQUIHUAYACO,0
PURUGUAY,0
CHIHUAMPUQUIO,0
CUTAY,0
JOIRE,0
HUILLCAPAMPA,0
YANASCANCHA,0
CHACRAPATA,0
CARAPILANA,0
CALLONA,0
PATACANCHA,0
PANTEON,0
TONTO,0
TUCTUCOCHA,0
JULLGA,0
HUAJRACANCHA,0
CORPAYEGUA,0
TUNACOCHA,0
CARQUILLAO,0
SAN LORENZO,0
LIMA,0
VITARTE,0
BARRANCO,0
BREÑA,0
CHORRILLOS,0
CIENEGUILLA,0
LINDERO,0
PICHICOTO,0
SAN ISIDRO,0
SAN VICENTE,0
PIEDRA LIZA,0
SAN FRANCISCO,0
EL AGUSTINO,0
JESUS MARIA,0
LA MOLINA,0
LA VICTORIA,0
LINCE,0
LURIN,0
LOS ALMACIGOS,0
RINCONADA DE LURIN,0
PAMPA DE LURIN,0
SANTA GENOVEVA,0
LOS MADEROS,0
CASCO VIEJO,0
MAGDALENA DEL MAR,0
PUEBLO LIBRE,0
MIRAFLORES,0
PACHACAMAC,0
PUENTE MANCHAY,0
TAMBUINGA,0
PAMPA DE FLORES,0
MANCHAY ALTO,0
INVASION (CEMENTERIO),0
MANCHAY BAJO,0
MALPASO,0
CARDAL,0
JATO SISA,0
PUCUSANA,0
HONDA,0
QUIPA,0
PUNTA HERMOSA,0
CAPILLA LUCUMO,0
CUCUYA,0
PAMPAPACTA,0
PUNTA NEGRA,0
CHANCHERIA,0
RIMAC,0
SAN BARTOLO,0
PLANTEL 41,0
PLANTEL 42,0
SAN BORJA,0
SAN ISIDRO,0
SAN JUAN DE LURIGANCHO,0
CIUDAD DE DIOS,0
SAN LUIS,0
BARRIO OBRERO DEL PUENTE DEL EJERCITO,0
SAN MIGUEL,0
SANTA ANITA,0
SANTA MARIA DEL MAR,0
SANTIAGO DE SURCO,0
SURQUILLO,0
VILLA EL SALVADOR,0
VILLA MARIA DEL TRIUNFO,0
SAN JUAN DE TANQUE,0
COÑE,0
ANTAHUALLA,0
HUALLINTA,0
CHECA,0
CAYAHUASI,0
TORIHUASI,0
BUENA VISTA,0
MINAY,0
CORRAL QUEMADO,0
HUANCANI,0
COCHINERO,0
RETAMA,0
PACAYAL,0
CAPTO,0
LAS PALMAS,0
GARITA DE CONTROL,0
OLOF PALME,0
PAPA LEON TRECE,0
LOS PILARES,0
EL COLORADO,0
MILAGRO,0
POZO BLANCO,0
ANTIOQUIA,0
CHONTAY,0
SIERRA MORENA,0
SAN MARTIN,0
BALCONCILLO DE AVIVAY,0
VICHUYA,0
BALCONCILLO DE LAS PALMAS,0
CANTURIA,0
SISICAYA,0
PAMPA SISICAYA,0
ANTAPUCRO,0
CHILLACO CHICO,0
OCURURE,0
PALMA DERECHA,0
PALMA IZQUIERDA,0
PACASHUAQUI,0
VILCATAURE,0
CHAMANA,0
PAYACACHE,0
PICUYA,0
TANQUIRE,0
ESQUINA,0
PAMPA GRANDE,0
PICHIHUAYQUE,0
LACAPUCIO,0
COCHAHUAYC0,0
CASILA ALTO,0
CACILA BAJO,0
CUTAMA,0
EL PINO,0
MONTERRICO,0
LUCUMINE,0
TUTANA,0
SAN JOSE DE LOS CHORRILLOS,0
HOYADA,0
CUMPARCITA,0
SAN MARTIN DE ORCOCOTO,0
RIO SECO,0
CHAUPERARCA,0
LACAPUCRO,0
SIMPLAYA,0
MOLLE,0
CHIGUALIACO,0
ANSAJA,0
PAMPA CHICA,0
HUALAYCA,0
CHAGUE,0
BUENA VISTA,0
JANTAJA,0
LANJUNA,0
FUNDO COMUN,0
LICHEJA,0
ARAUCA,0
QUINTA VILLARAN,0
CHUMPIYA,0
LANCHI,0
JATO,0
HUAROCHIRI,0
CANCHAHUARA,0
HUASCAYANGA,0
CHAPNA,0
CUSHASHICA,0
CALLEJON,0
TRANQUITA,0
LUPO,0
ALISO,0
AÑI,0
CHAQUISA,0
LLAMBIA,0
INCOLAYA,0
HUANCHACA,0
LINCANA,0
PATA,0
MARCACOTO,0
MARCA GUINDA,0
KORIHUANKA,0
PUNCUAYQUE,0
CHILCANCHI,0
CUCHICALA,0
OTRABANDA,0
MATAHUANCHI,0
AYSHA CANGUILLE,0
AISHA,0
CHACARILLA,0
QUILOTA,0
CORMANCHE,0
HUAÑE,0
CORRALON,0
CRUZ DE PASO,0
PACOMANTA,0
PACHACOSA,0
MAYAMA,0
LAHUAYTAMBO,0
SHICACA,0
SANTA ANA,0
HUERTA,0
QUILCO,0
LA PEDRERA,0
LA MINA,0
HUATIACAYA,0
CRUZ DE LAYA,0
CHAUPERARCA,0
LASHIJAYA,0
CANLLE,0
AGUASQUICHE,0
HUAYRUNA,0
POJUAYQUE,0
LANGA,0
MOLINO,0
RIO SECO,0
TAUQUICHA,0
ABICUBA,0
JUINGUIRE,0
APRURI,0
AJICANZA,0
SHUCUMARCA,0
COLCAHUA,0
CERRO MORADO,0
CHUJUMALLA,0
MASCATUME,0
INASPUNCO,0
TOTORACHE,0
LLACCHI,0
SAN VICENTE,0
LOMAGIRE,0
CHUMIRE,0
LUQUIJIACHI,0
MATARACHI,0
ESCANQUICHE,0
SAN LAZARO DE ESCOMARCA,0
TAMBOCAYA,0
CASCAJO,0
LACHICO,0
COMPALLUNCO,0
AÑATAJA,0
ANCHICOCHA,0
COCHACOLLITA,0
DOS CHAMPAS,0
MARIATANA,0
PACO MANTA,0
CERRO COLARADO,0
CULICANCHI,0
COTO,0
YAULI,0
CHILCACOCHA,0
CASERINA,0
ANTIBAL,0
YACACHI,0
PUNCO,0
SALAGUTO,0
SANINCACHI,0
SHUNTUCHA,0
HUAYCHAO,0
TANTALITA,0
CHUNAPATA,0
CUTESCANSA,0
MORO,0
HUACHALCOÑA,0
POTRERO GRANDE,0
PUQUIO EMPEDRADO,0
QUIHUINCHO,0
CARBON,0
CAPUTISH,0
CALAHUAYA,0
VILLA MARIA,0
CHATACANCHA,0
CHICHACARA,0
PULACAMA,0
YAYAMA,0
VILLA PAMPILLA,0
CUCULI,0
CACTU,0
NOAL,0
CHATACHANQUI HUAYQUI,0
LLAQUIMASCA,0
PIE LA CUESTA,0
SAN ANDRES DE TUPICOCHA,0
PUQUIO TAMPUCAYA,0
TURCO,0
PACOTA,0
URURI,0
CULLPE,0
SIMUÑA,0
SOSICA,0
MACAZAN,0
CUÑANCHI,0
CHICTA,0
SAN DAMIAN,0
LLAQUISTAMBO,0
MALAIPUNCO,0
PIEDRA TORO,0
SHICASHICA,0
SANTA ROSA,0
ÑIQUITA,0
CHOGA,0
QUISERHUAYQUI,0
OSUNA,0
CHUBARACA,0
CHACRA CHACRA,0
MITO PAMPA,0
PAHUAYQUE,0
SANQUE,0
CONCHASICA,0
SANTA CATALINA,0
TINGO,0
SUNICANCHA,0
BOLICHE,0
SHINSHO,0
SAN JUAN DE TANTARANCHE,0
MACUAYQUE,0
AGLLAPUQUIO,0
CARHUAPAMPA,0
LLULLUCHE,0
LLILLIMATE,0
HUALLACANCHA,0
LAPSA,0
SAN LORENZO DE QUINTI,0
TOTORAL,0
SUYOC,0
CHAPLACO,0
RANRACANCHA,0
UCHCAJ,0
AGUASNIV,0
PITICOCHA,0
YACUPIANA,0
TORMANYAPACCHA,0
HUACHIPAMPA,0
LLACUASMACHAC,0
PAMPANYA,0
MOYA,0
MARGA,0
CASERHUANCA,0
SHAULLA,0
PISGUPIANA,0
SICACANCHA,0
MACHAY,0
HUARAGUÑE,0
CANCHAPAGA,0
CHAICHACA,0
COLLOTACHI,0
CHISCHIPAMPA,0
MANCACOCHA,0
HUALLACANCHA,0
SHINGUIA,0
PATIO,0
MURGO,0
AMPICANCHA,0
HUANAGAYAN,0
CHACAHUARA,0
PIRA,0
VILLANANCHI,0
CHACHA,0
CHANI,0
MARHUAYQUE,0
RAQUIPA,0
AGANTE,0
CHOCTA,0
PUMAPUNCO,0
YUHUAMBRE,0
HUANCHAC,0
PALERMO,0
LUCMAPATA,0
QUITAPALTA,0
AMPE,0
PULCRO,0
CANCHARAN,0
HUANCAYA,0
PUNGUTO,0
SHUMTA,0
HUARAGUÑE,0
ACOCANCHA,0
PILLUYA,0
HUAQUIAJULLPA,0
COLLOTACANCHA,0
CORMACHAY,0
PARE PARE,0
LARAN,0
MALAMPE,0
HUANQUILLITA,0
QUIRIPUCO,0
CUPE,0
SHAQUILLA,0
PACLITO,0
URACAYAN,0
PATENTE,0
PUCLLUCANCHI .,0
LLIPATA,0
TUPILLA,0
ALLOCA,0
SAN PEDRO,0
ACHARE,0
ANGASPUNGO,0
LLANAYANTE,0
TAPUYA,0
CHICLLA,0
SANGALLAYA,0
CHACA,0
CHUNCASHICA (CHUCUNICHA),0
TALQUIMASCA,0
SIQUIRANCHE,0
PUCARA,0
OCOCA,0
OQUINTA,0
CHANCUYA,0
HUANCATA,0
CANTO DE CRUZ,0
CRUZPAMPA,0
CRUZ,0
YANATUPE,0
CAULLAMANCHI,0
CRUZ DE QUIRIPA,0
LUCHASO,0
QUIRIPA,0
LLUCOMUNE,0
PIEDRA LIZA,0
PIEDRA GRANDE,0
COLCATAMBO,0
CORANCHE,0
ECHADERAS,0
CHACARALTA,0
PUCLLACANCHA,0
CHACARILLA,0
CUCHILLA,0
CHICRE ALLOCA,0
CHICRE PACHAMARCA,0
CHINACHAY,0
PENCOLA,0
JOYA,0
SUCUYPAMPA,0
CORREVIENTO,0
SANTIAGO DE ANCHUCAYA,0
CALACHACA,0
CHANCHIN,0
OSOLGUTO,0
CHAQUISA,0
TINGUAL,0
HUANCHACA,0
QUIRIRRAYA,0
AGUAQUIRI,0
SIETE CORRALES,0
SANTO DOMINGO DE LOS OLLEROS,0
YUQUIYAUYA,0
YUMPO,0
CHICACOTO,0
CHINGLE,0
PUMASAULI,0
LA FLORIDA,0
ESCACANSA,0
MATARA,0
CHAPUNCO,0
LUCUMO,0
PASCANITA,0
PIEDRA GRANDE,0
SAN PEDRO DE HUALLANCHE,0
CORRALLACHE,0
COMALIPA,0
CASA ROSADA,0
LLACALLACA,0
CARRIZAL,0
CUCULI CHICO,0
YAUYOS,0
AQUICHA,0
CHARCA,0
HUAMUCHACA,0
QUICHCA,0
VICHCA,0
MAGDALENA,0
VICUYA,0
ALIS,0
TINCO ALIS,0
HUALARIA,0
QUIERO,0
PACCHA,0
YAURICOCHA,0
CHUMPE,0
YANAPACHACAN,0
TINCO,0
HUACUYPACHA,0
CUSHUROPATA,0
UCRUCANCHA,0
CORIAC,0
LIVIOCANCHA,0
AYAVIRI,0
PAMPA,0
JUÑUPUQUIO,0
PAMPAMASI,0
HUAYPANANGA,0
SEJLO,0
JALLES,0
CAUNO MOLINO,0
MANGUIA,0
URA,0
YUCA,0
HUAROPAMPA,0
HUILLCO,0
LURIN,0
HUISEN,0
PAQUIA,0
OLACE,0
CHUPAYHUA,0
CHINCHAN,0
SUNE,0
TINCO,0
HUALLANCOCHA,0
JINCHA,0
SACAYULA,0
HUACRAYO,0
RAZOPAMPA,0
AGO,0
SOTOCOCHA,0
CUSI,0
SUNTAMPO,0
ÑAUÑACO,0
PISHACO,0
MUYA,0
AMPI,0
YAULIA,0
CARHUAYO,0
LUCUPAMPA,0
PUCULLUY,0
PANTANE QUEBRADA,0
MOLINO CACHI,0
CARANIA,0
AVINCHO,0
TATIANGA,0
YUNGALLA,0
ACHIRI,0
HUAYÑIA,0
COCHAS,0
SAN ANDRES,0
CASCA,0
PONGOR,0
HUAMPARA,0
CARHUAYO,0
HUALANA,0
GRANADILLA,0
STO. DOMINGO,0
TELAR,0
PASHCA,0
LLUCUMA,0
SINOHUASI,0
PUEBLO VIEJO,0
CHILCUY,0
PUCLUPAMPA,0
CUSIPUNCO,0
SHIMAN,0
TRES CRUSES,0
YAHUARCOCHA,0
HUANCAYA,0
CHULLUS,0
ANQUI,0
TAMBOMACHAY,0
CHUQUIPITA,0
AFILADERO,0
QUILLCAY,0
CABRACANCHA,0
ANCHARACANCHA,0
CARHUACOCHA,0
QUIULLACOCHA,0
TINCO,0
APAS,0
YANAMA,0
CHAQUICOCHA,0
ZAPATERO,0
PACCHA,0
VILCA,0
ANTARON,0
HUINSO,0
POTENTE,0
PUCUCHO,0
GRANGRAMACHAY,0
VILCAMANTA,0
SUCHUC,0
HUANTAN,0
TORMAINO,0
CHASCACA,0
TINCO,0
ANCHACALLE,0
ESQUIVILCA,0
ACOPUCRO,0
JALCACHA,0
LANCHAYA,0
ASHANCO,0
GUANCHE,0
COCHILCA,0
AUPARCO,0
CHICAHUASI,0
UCHUCHO,0
SANTA ANA,0
HUAMPUNA,0
SHIMPE,0
PUCACORRAL,0
TAURA,0
PIUCHE,0
MANCHA PAMPA,0
HUAÑEC,0
PUNGUSH,0
JUGA JUGA,0
MAGAÑA,0
LARAOS,0
TINTIN,0
ASUCHA,0
LLAPAY,0
AHUICHO,0
ULLPO,0
PAMPARCA,0
CUCUR HUASI,0
QHINCHE,0
AYAPUNCO,0
PACHAS,0
IPILLO,0
LANCA,0
VERDEC,0
PACOCHA,0
LANGAYCO,0
UÑA CORRAL,0
MIRAFLORES,0
COTRAC,0
YUPANCA,0
MEDIO CASA,0
AHUAY,0
UMAN,0
QUICHE,0
HUAYLLACANCHA,0
LLICA,0
CUTUNI,0
TAMBO,0
TUCTO,0
ACHUCURA,0
PIÑOS,0
TAMARA,0
PIE DE LA CUESTA,0
TOMA IGLESIA,0
CUTULUME,0
CORRE VIENTO,0
QUINCHES,0
POCUNTURA,0
CULLCO,0
SURCAMBRA,0
QUISHPE,0
PAÑURA,0
PUCUNA,0
PAMPA CEBADA,0
SHANCAPATA,0
LLACANHUANA,0
YUPAY,0
TICLA,0
MALLEURAN,0
TAPACANCHA,0
POMAJAYA,0
SACRAMENTO,0
JUNTUPUQUIO,0
HUACCTA,0
SHUQUE,0
PEÑA BLANCO,0
AMANCAES,0
QUINOCAY,0
SAN JUAN DE TANQUI,0
PONGO,0
VISCAS,0
PANCAO ALTO,0
PUNQUI ALTO,0
PACUSH,0
HUAYULA,0
LURIN,0
CACHATUPE,0
CHACRAROSA,0
PUENTE CUELO,0
PALQUI,0
PICHU,0
OTUQUE,0
DANZA VENADO,0
CHACRA VIEJO,0
CUEVA,0
TALICOCHA,0
CHILCA PUQUIO,0
VENDIZAÑA,0
PICHIO,0
SAN JOAQUIN,0
CONDORHUAY,0
CHAJLACANCHA,0
PALGO,0
JALACANCHA,0
ALPEJUTO,0
PURCANCHA,0
UMASHCANCHA,0
AUMARCA,0
ESCOATIANA,0
ANTAHUACA,0
PUCLLEO,0
AMPIRCA,0
AUNCANCHA,0
SHAIGUA,0
JAJRARANGA,0
CORRAL DOBLE,0
COCHATUPE,0
PACHANCHAÑA,0
CHURCA,0
CANCHAJLAY,0
SACAJUÑA,0
ACHIQUIRE,0
TUMPURA,0
BUENAVISTA,0
MUCHANA,0
ÑAHUIN,0
SAN PEDRO DE PILAS,0
SAN MATEO,0
LLAMPAHUASI,0
PARSAI,0
HUANCALO,0
HUANGALUCHO,0
TANTA,0
MULLUCOCHA,0
OCLLA,0
MASHO,0
TANTA VIEJA,0
TAMBOHUAY,0
MOYA,0
HUASCACOCHA,0
YUPANCA,0
TOMAS,0
PACHAS,0
HUAYUNCA,0
SINHUA,0
CAPILLAYOC (ESTACION CAPILLOC),0
SIRIA,0
HUANCACHI,0
VITIS,0
QUILLCACANCHA,0
TUNSHUCANCHA,0
HUISCORAN,0
CASACANCHA,0
JATUNCANCHA,0
ASHINCUY,0
SALMACANCHA,0
HUAYLLACANCHA,0
MOGENETA,0
EL ERMITAÑO,0
LA MILLA,0
LA CAMPIÑA,0
LA MENACHO,0
ATARJEA,0
ATE,0
AURORA,0
ZARATE,0
CAMPOY,0
EL CLUB,0
PEDREROS,0
LA CAPITANA,0
HUACHIPA NORTE,0
MONTERRICO,0
SANTA MARÍA,0
SANTA CLARA,0
VALDIVIESO,0
BUENA VISTA,0
BARBADILLO,0
MAYORAZGO,0
LA PLANICIE,0
SAN JUAN,0
HORACIO ZEVALLOS,0
HUAYCAN,0
MANZANAL,0
HUAYCAN,0
CAMINITO,0
TAMBO VIEJO,0
VEINTE Y CUATRO DE JUNIO,0
LOS HUERTOS DE MANCHAY,0
SANTA ROSA,0
HUERTOS DE LA MOLINA,0
RINCONADA DEL LAGO,0
LA RINCONADA,0
RINCONADA ALTA,0
LAS PRADERAS,0
MUSA,0
CAMACHO,0
SALAMANCA,0
CHACARILLA DEL ESTANQUE,0
COTRIL,0
CHAMA,0
VISTA ALEGRE,0
SAN JUAN,0
VILLA,0
TABLADA DE LURIN,0
NUEVA ESPERANZA,0
VIRGEN DE LOURDES,0
ATOCONGO,0
JOSE GALVEZ,0
QUEBRADA VERDE,0
GUAYABO,0
PICAPIEDRA,0
TOMIBA,0
SAN FERNANDO,0
PAMPA EL MANZANO,0
PUCARA,0
SANTA RITA,0
LAS SALINAS,0
BUENAVISTA,0
SAN LUIS,0
CUATRO BOCAS,0
LAS PALMAS,0
VILLA LIBERTAD,0
JULIO C. TELLO,0
HUERTOS DE LURIN,0
URB. LOS CLAVELES,0
ARICA,0
SANTA CRUZ,0
MIRAMAR,0
CASA BLANCA,0
BOMBISO,0
CUCAYACU,0
SAN JOSE,0
SANTA ROSA,0
LOBO VARADO,0
NAPLO,0
DANIEL ALCIDES CARRION,0
SAN CARLOS,0
BENJAMIN DOIG,0
NARANJAL,0
SAN JAVIER ALTO,0
COLMACHE,0
CASALATA,0
SAN COSME,0
PUNCO,0
HUACCHO,0
LANZAZA GRANDE,0
CULMA,0
LILPAYA,0
PILLQUE,0
LOLICANCHA,0
SUNAMASA,0
LLAJOPAMPA,0
SUYTOPUQUIO,0
TAMBO,0
JASAL,0
PUCHUGAYA,0
TUCTUMASCA,0
CHAJLACANCHA,0
HUICSUPACCHA,0
CASAGRANDE,0
UCUS CORRAL,0
HUALLPETAMBO,0
CHERGANTO,0
JULLPA,0
ACHAPA,0
HUACHOS,0
YARANGANCHE,0
LINCHICANCHA,0
JERGUTO,0
OTUTO,0
LAYAN,0
TINCO,0
ROPACUTO,0
MANCACOTO,0
AUQUIJARA,0
JIGAGUA,0
PULPULLEJ,0
QUIHUISCANCHA,0
SHITIA,0
PIRCA PIRCA,0
TAMBOREAL,0
OCHSA,0
TAMBO,0
CASACANCHA,0
JAMACUNA,0
JATUNHUAY,0
JACHARUMI,0
PUCULLO,0
HUALCUPATA,0
SHALHUANCA,0
MANCACOCHA,0
CURUMACHAY,0
FLORAPATA,0
SHAIHUA,0
ATUPAYEN,0
SHITGA,0
PALLACANCHA CORRAL,0
PISGUTO,0
SHAIHUANCA BAJA,0
CALIENTE,0
MAYULI,0
CULLPA,0
PUTANA,0
PIGUYA,0
AMPITANA,0
HUALASGAYA,0
HUAYRINCA,0
UNOSAMPI,0
HUANCAPALLA,0
SUITUCANCHA,0
LLUNLLUN,0
HUAIQUICANCHA,0
HUANCALLANCHE,0
ATAHUACA,0
TULPUNCO,0
CHOLISA,0
OLLACANCHI,0
SOGUTO,0
SISAHUAYQUE,0
CALAHUAYTUBE,0
VIGAO,0
PUNCO,0
JULLILLANCHO,0
LA PAMPILLA,0
MICHACAYA,0
MICHACAYA,0
BUENOS AIRES,0
HUANINCANSA,0
CANTAGALLO,0
LLINULLE,0
JIÑAHUA,0
ALLAPACANA,0
PISHGE,0
CANTUSIA,0
JANAHUANA,0
TICTICANCHA,0
PAURACANCHA,0
SHUITO,0
CARHUATIANA,0
TUTURA,0
QUINHUAL,0
TRES PIEDRAS,0
CANCHARAN,0
CORINA,0
YERBA BUENA,0
LACHO,0
QUISHUARITO,0
PUCLO,0
MAYASIN,0
ULLMA,0
GUMARCA,0
MANCHATARA,0
LANGUASHI,0
EL LUCUMAR,0
MOLINO,0
PANCA,0
EL MOLINO,0
HUANCHUY,0
HUALULA,0
URSILAY,0
CUEVA ARGOLLA,0
CHAQUISCOCHA,0
UCHUC CANCHA,0
TAMBO,0
RIQUISCANCHA,0
CORRAL TUNAC,0
RUMICRUZ,0
CEBADACANCHA,0
PUSUCANCHA,0
YANAMACHAY,0
PACCHAPATA,0
ICURO,0
PONGO GRANDE,0
QUIMSACANCHA,0
TUCTOMACHAY,0
YURACCOCHA,0
SEPULTURA,0
URCUNCANCHA,0
PONGO CHICO,0
PATACANCHA,0
CARCAPATA,0
SANCHEZPATA,0
HUEGUE YACU,0
PAMPA,0
CARHUAMACHAY,0
LATAYMACHAY,0
CHUCLLAPATA,0
ACROYHUACHANA,0
CHIMPAHUAY,0
PACHACHACA,0
PALLACANCHA,0
CHUNARARAN,0
BAÑOS,0
UCHUCHUAYLLA,0
CACARA,0
HUASCAC,0
PISCOCOCHA,0
PISOCANCHA,0
QUISPICANCHA,0
YANACANCHA,0
ACARCA,0
RAUCA,0
TINYACPUQUIO,0
QUISICANCHA,0
PATAHUAY,0
PATA,0
AQUILLA,0
JANAYHUASI,0
SINHUA,0
HUAYÑIA,0
LLACSA,0
MATACANCHA,0
HUARUCO PAMPA,0
MINA RANRACANCHA,0
CULLPANA,0
QUILCASCA,0
PUMPURE,0
PILLCOCANCHA,0
MIRUYO,0
MILLPOC,0
HORNILLO,0
VINTORHUASI,0
VINTORHUASI,0
VOLCANHUASI,0
MILLAO,0
PATACOCHA,0
HUARUCO,0
TOLDOPATA,0
MACAPATA,0
CLIHUAN,0
QUIULLAPUQUIO,0
HUANCA,0
TUNSHO,0
HUAQUIS,0
MALPAPATA,0
CALPACUCHO,0
OQUESH PAMPA,0
CASHICASHI,0
TINCOPATA,0
ANCOALO,0
YURACPATA,0
BAÑADERO PAMPA,0
ICHIC RANGRA,0
CASAGRANDE,0
CUTUNIA CHICA,0
BAÑADERO,0
RANGRA,0
ANCACUCHO,0
CUÑE PAMPA,0
ERHUATA,0
ALTACARANJA,0
CONDUMIA,0
HUANTUYA,0
LLANCHA,0
SANQUE,0
SHALQUI,0
ARMAS,0
UCRO,0
LLAPAYCHACA,0
QUICHUA,0
CUSHQE,0
PUCUTANAN,0
HUALLHUA,0
MACHAY,0
AJOS CORRAL,0
PUCACHUCLLA,0
CHALLHUANI,0
YACAÑA,0
ACALLE,0
HUILLCUCHA,0
CUCURHUASI,0
TAMAMACHAY,0
MINA HUASI,0
SINHUA CORRAL,0
CALLISCA,0
VISCACOCHA,0
PUCA GALLO,0
CHIMPAHUASI,0
PUYO,0
TRAGADERO,0
COCHAHUACHACO,0
JATUNCHUCLLA,0
TULLPAYOC,0
CHAQUISCA,0
CHUSCO,0
YANAMA,0
RUPASCACURO,0
MISME,0
AIRINCA,0
CUÑI,0
CATAPHUASI,0
CULLAPAHUASIN,0
BELLAVISTA,0
FIERRO HUASI,0
ILLAPASCA,0
CARCAPIRHUA,0
CABILDO,0
PUCACHUCLLA,0
CURRUPAMPA,0
LLIHUA,0
HUIRUYA,0
YANACOCHA,0
ILLAPASCA,0
QUILLCASCA,0
FIERRUNA CORRAL,0
MUQUICHA,0
PUMACOCHA,0
CHACOTA,0
QUIMPATA,0
YACUMASACA,0
CANCHACASHA,0
BATIAYOC,0
SHUTCAPAMPA,0
ZANAHUAYCO,0
JATUN HUASI,0
PALCA,0
ANQUIRE,0
TRANCA,0
AUQUIPAMPA,0
PUNCARAQUE,0
LANCAQUE,0
PIRULLUYOC,0
LUNCHO,0
CALLILLE,0
AMAUCAY,0
MORRO DEL ARICA,0
HUALLINCA,0
ZANCUDO,0
ANTA,0
HUANCHAN,0
TACSA,0
CHACLAC,0
MAIZAL,0
QUIMSHA,0
LLIPLLEPAMPA,0
UCHPACANCHA,0
CONVENTO,0
HUANGA,0
LLAUCACHI,0
COCOCHE,0
UCHCAMUÑA,0
CHAQUENCA,0
ÑAHUINPUQUIO,0
HUAYÑIA BAJO,0
CHOCUERCO,0
MATAYA,0
PARUCO,0
TAMBO,0
SHIPAHIRI,0
SHANHUAYLLO,0
PASOPATA,0
OIRON,0
CHICCHICA,0
CARHUAC,0
PILANCA,0
CACHAPA,0
PARCACSHO,0
PUCAPAMPA,0
CHUCLLAHUACTA,0
HUARUCUYOC,0
HUARCUYO,0
VAQUEROHUASI,0
YANACANCHA,0
RUMISUNTO,0
CAICO,0
JATUNCHACA,0
CULLPA,0
UQUICHACA,0
MANAU,0
AYAMACHAY,0
SHURACORRAL,0
RUPASCAHUASI,0
VISCACHAYOC,0
MULLUNE,0
ACNO,0
PUCAHUARCO,0
CUSHURO,0
SANTA MARIA,0
QUISQUE,0
IGUANCAL,0
NARICUSIRI,0
TAPO,0
URB. EL TREBOL,0
JESUS DEL VALLE,0
EL ARENAL,0
SAN JUAN DE DIOS,0
VILLA HERMOSA,0
YANGAS,0
HUACTACANCHA,0
RODEO PAMPA,0
CHICHACARA BAJA,0
ATCOPALA,0
CACHICANCHA,0
DINAMARCA,0
SAN JUAN,0
JAGUAY,0
NUEVO AYACUCHO,0
VALLECITO,0
ACC,0
CINCO CRUCES,0
NUEVO CAÑETE,0
APOSTOL SANTIAGO,0
APAICOT,0
EL TREBOL DEL PACIFICO,0
BRISAS DE CONCON,0
CHUSPA,0
IGUANA,0
FUNDO MELCHORITA,0
MOLLE,0
LA LAGRIMA,0
HUACA DE ORO,0
DE LA VEGA,0
PEDRO DE CRUZ,0
URBANITO CRUZ,0
BOCA DE RIO,0
PAMPA CASTILLA,0
LA PAMPILLA,0
COCHAHUASI-PLAYA HERMOSA (COCHAHUASI),0
SAN CARLOS ALTO,0
CAMINO REAL,0
EL OLIVO,0
LOS ATUNCAR,0
FUNDO CHOMBO,0
TOMA DE PALO,0
CONDE CHICO,0
HIPOLITO HUNANUE (CERRO BLANCO),0
AGUA DULCE,0
SANTA ROSA (SANTA ROSA BAJA),0
SANTA MARIA ALTA,0
CONDE BAJO,0
PINTA,0
TUNEL GRANDE,0
AUGUSTO BERNARDINO LEGUIA (EL DESIERTO),0
SANTA BLICERIA,0
HUALCARA (EXPERIMENTAL AGRICOLA),0
EL POLVORIN,0
LOS GIRASOLES,0
TAMBO QUEMADO,0
DON ALFONSO,0
HUACACHIVATO (VILLAREAL),0
VALLE HERMOSO-SANTA ROSA,0
CANTERA,0
EL MOLINO,0
BELEN,0
VIRGEN DE LA CANDELARIA,0
CERRO CANDELA,0
SAN FELIPE,0
MAMA MARIANA,0
INVASION,0
ESTABLO REMANSO,0
SANTO DOMINGO,0
CERRO CUETE,0
SAN PEDRITO,0
DIVIDIDO,0
SANTA CLAUDIA,0
COOPERATIVA SAN BENITO,0
LA ALAMEDA,0
LAURA CALLER (CASA BLANCA),0
LOS PLATANALES,0
TRANQUERA DE FIERRO,0
TROCHA,0
COMUNIDAD CAMPESINA CERRO AZUL,0
LA PRIMERA HUACA,0
SEGUNDA HUACA,0
SEÑOR DE LOS MILAGROS,0
CARMEN ALTO,0
CERRO DE ORO,0
VILLA TINKA,0
24 DE JUNIO,0
CERRO CALAVERA,0
FUNDO HUACA GRANDE,0
SECTOR MEDIA LUNA,0
ENTRADA LA LAGUNA,0
SAN PABLO,0
COCHARCAS,0
YUNCAÑIN,0
PAMPA REY,0
LUCUMA,0
CERRO CUETO,0
CERRO TINAJERO,0
MOYACAPATA,0
CUARTITO,0
COMPRADORES BAJO,0
CASA BLANCA ( SANTA FE DE VERACRUZ ),0
EL ARCA,0
CHARIA,0
FUNDO SANTA ROSA,0
RAYUSA,0
VILLA VICTORIA,0
COMPRADORES MEDIO,0
LAZARETO BAJO,0
PAMPA CHACRA,0
LAS VEAS,0
TUNA PUQUIO,0
PUEBLO NUEVO DE CONTA ROMA,0
COMPRADORES ALTO,0
HUCHPAPATA,0
UÑAHUATANA,0
MINACANCHA,0
CANTAGALLO VIEJO (SAN JUAN CANTAGALLO),0
MONTEHUASI,0
ESCAHUATIANA,0
LAJAINIYOC,0
MISIHUATANA,0
CANTAGALLO NUEVO,0
VILLA RICA,0
GANCHI,0
LAZARETO ALTO,0
PAMPAHUASI,0
FUNDO SAN JOSE,0
ROSAS PATA,0
TINCO 2,0
CHIQUILLACANCHA,0
TUMBESNIYOC,0
CUÑACANCHA,0
PACCHA 2,0
RUNAXAMANA,0
CASA PINTADA,0
QUEULLAPTIANAN,0
GRANADOS,0
VILLAFLOR,0
PACCHA 3,0
COCHIHUANGANA,0
TAYAPATA,0
VACA JAPINA,0
SAN FRANCISCO GRANDE,0
CORTINAL,0
DON AMBROSIO,0
AÑASCANCANAN,0
SHOGOMPEOG,0
BELLAVISTA DE CONTA,0
COCHARHUASA,0
MISQUIYACO,0
SAN ISIDRO PEQUEÑO,0
TOTORA,0
YUISMARCA,0
FUNDO QUIMPIPA,0
GRANJA RIO AZUL,0
VIÑA SOL,0
MEJORADA,0
VILLARICA,0
PUCAHUANCA,0
LA RINCONADA DE CONTA,0
HUAMPOCUYA,0
HUAYHUASCAR,0
CHACA RUMI,0
MUYAHUASI,0
TAYAMARCA,0
LIRIAMARCA,0
VICUÑA HUPIANA,0
RAQUINA,0
PALLCAPATA,0
ISHCAY MONTE,0
UKISCAPATA,0
RUPASHA,0
SHAMPO,0
FELIX CORRAL,0
MARCO CANCHA,0
ANCAP HUACHANA,0
USHCUPA,0
QUISHCAPATA,0
VISTA ALEGRE DE TAYAMARCA,0
LLARASCAWCHA,0
SAN JOSE DE CHANCURI,0
CANCARHUAY (SAN ISIDRO),0
QUIMPILAY,0
VICU APUNCO,0
SAN JULIAN,0
ACCHI,0
ACHULA PATA,0
SAN MARCOS,0
PISO ESQUINA,0
MARC0 PUQUIO,0
HUERTA BAJA,0
WITO TORO,0
RALLAMPAMPA,0
PLAYA BLANCA,0
SANTA CRUZ DE ASIA (BLANCA ROSA DEL MAR),0
CHOROTUNA,0
PLAYA EL SOL,0
CALLARA,0
APRILS,0
PAMPA ANDINA,0
PARJACHUTO,0
LA HUERTA (SANTA ELENA),0
CHIQUILLA PUNTA,0
LAS PALMERAS,0
VIÑAC WICÑA,0
PUERTO GALLARDO,0
SAN VALENTIN,0
VIZCAYA,0
UCHCURUME,0
PUNTA CORRIENTE,0
CUSHPANCO,0
JERRUSRUME,0
REPARTICION,0
SANTA MARIA DE HUALLWA,0
SANTUARIO,0
PAMPAPUQUIO,0
HUAMAN DE LOS HEROS,0
CUÑE,0
PUERTO FIEL ZONA 02,0
FUNDO SAN MARTIN,0
CUCHACA,0
LAS LOMAS DEL MAR,0
PALLCA DE ORTIGAL,0
ORTIGAL,0
ALTO QUILMANA,0
QUIMPIRA,0
HUASIPAMPA,0
HUAYLLAPUQUIO,0
TANTAYOCRUME,0
VISTA ALEGRE DE MADEAN,0
LA FLORIDA,0
SAN BENITO,0
CHORTA,0
FLORIDA ALTA,0
CANCHAPAL,0
HUAYCHAUCANA,0
ISMUHORCON,0
COLQUICASMA,0
PLAYA CHECONDE,0
SANTO DOMINGO,0
NUEVA JERUSALEN,0
LURIN MARCA,0
VINCULLAY,0
ANTAYLUMAJYOC,0
LOS PAJARITOS,0
GRANJA SAN FERNANDO,0
CUIRUCANCHA,0
TARACA,0
LLANGAS PAMPA,0
QUIÑUAJERO,0
AJO PACHA,0
ICHUPUCRO,0
HUAYURAC,0
MARCA,0
JULLPAYOC,0
AUCO PICHA,0
TATUM GALLPA,0
JANTA,0
HUYRURUME,0
HUAMANCOCHA,0
CHUCCHUPATA (HACIENDA),0
HUAYONCOCHA,0
PLAYA MISTERIO,0
SOYMUJO,0
RALLUSA,0
PILLAHUACHI,0
PLAYA PALILLOS,0
SULLUMACHAY (SULLUMACHAY),0
VILLA FRANCA,0
ANTAPA,0
CHUTCO,0
OLCUYO,0
YEPAN HUASI,0
TUCO PAHUASIN,0
CLUB REAL,0
HUERTA LIMON,0
SANABRIA,0
CULPABADO,0
PLAYA GAVIOTAS,0
MONTE NEGRO,0
OJO PATA,0
PLAYA COCOA,0
CARACOL,0
PLAYA PALABRITAS,0
PLAYA COSTA DE SOL,0
LLANTUYA,0
CUCANA,0
PLAYA BONITA,0
PLAYA SOL Y MAR,0
ASIA DEL MAR,0
PLAYA KAPALA,0
CONDOR PAMPA ARENAL,0
PLAYA LOS COCOS,0
CAPILLA DE ASIA,0
PLAYA LAS PALMAS,0
PLAYA CAYMA,0
LLAMAYO,0
PLAYA ALGARROBOS,0
PLAYA GALAPAGOS,0
PLAYA RINCONADA BEACH,0
PLAYA MAR AZUL,0
PLAYA LAS BRISAS,0
PLAYA ISLA,0
HUAMARISAYOC (HUAMARIPAYOC),0
PLAYA LOS FLAMENCOS,0
YACAPITE,0
PAICHAPATA,0
PLAYA BORA BORA,0
PLAYA EL GOLF,0
QUISQUE,0
PLAYA CHUPICALLA,0
FOLCAN,0
9 DE OCTUBRE,0
PLAYA LOBO BLANCO,0
VILLA TOTORITA,0
PLAYA LAS ARENAS,0
SOCSA,0
LLANGAS,0
AYRAMPITO,0
PACHAMALAN,0
PUENTE ALTO,0
CUCHICARA,0
LAS LAGUNAS DE PUERTO VIEJO,0
COMUNIDAD,0
HUAÑIQUE (CAUCHUMA),0
PUERTO NUEVO,0
HUANCORUTA,0
ALTO AZPITIA,0
SAN LORENZO DE POROCOCHA,0
VILCATAURI,0
CANCHIA,0
LAS GRAMAS,0
VIRGEN DEL CARMEN,0
SAN PEDRO DE CUSI,0
MALIBU,0
CATASUNI,0
LAPA LAPA,0
MANCUER,0
PUNTA ARENAS,0
SANTA CLARA,0
SALINAS,0
NENIZO,0
LLACO,0
CHIJIA,0
CANCHAPAMPA,0
ENVIDIA,0
HUANTITAGRA,0
UCHCO,0
ARZOBISPO,0
CHAICHAN,0
MARCHUCA,0
MAURURO GRANDE,0
LA VUELTA YUNCAVIRI,0
PLAYA SAN PEDRO,0
APARTADERO,0
HACIENDA VIEJA,0
EL GRANADAL,0
HUARAGSHIRIRE,0
CANDOMIA,0
CRINGA,0
ZIZO,0
SANTA MARIA I,0
CERRO BOTIJA,0
HUERTA VIEJA,0
QUILKO,0
VILLA JARDIN AYLLAN,0
YACANHUANA,0
PUMAHUASI,0
AVICOLA SAN CIRILO DE LOMA NEGRA - 01,0
POYUNGO,0
CERRO BLANCO,0
SHIQUE,0
MAYTA CAPAC,0
SAN JAVIER,0
GRANJA CARRIZAL (LOS CARRIZALES)),0
JACAO,0
COPIQUE,0
BEQUETETE,0
SAN JAVIER BAJO,0
CHACRA BLANCA,0
DOÑA JAVIERA,0
EL AGRONOMO,0
SANTA CECILIA,0
HUAYO CHICO,0
POZO BLANCO,0
ANTARANA,0
CERRO COLORADO,0
COLLATE,0
LOS TILOS,0
EL PROGRESO,0
EL SOL,0
CASQUENISHO,0
ASENTAMIENTO HUMANO 15 DE ENERO,0
NARANJAL,0
TAJARA,0
COOPERATIVA AGRARIA,0
SAN BARTOLITO,0
PARSAY,0
COCOROCHO,0
SIÑAS,0
FUNDO SAN PEDRO,0
PAPA LEON XIII,0
PURCA,0
COMULLACTA,0
CHAYARA,0
PLAYA PUERTO BELLO,0
ANTACOCHA,0
PLAYA ACANTILADO,0
HUAYLLURA,0
PLAYA MINKA MAR,0
PUCRO,0
POSEIDON - LOBO VARADO,0
ORCUTE,0
ALVATROZ II,0
VISCACHITA,0
GRANJA SANTA ELENA,0
ÑAUPAHUASI,0
LA PATITA,0
ESCALERA,0
CUYRURA,0
LACUMAR,0
HUACHMOÑE,0
HUAYLLAPAMPA,0
CAMARA,0
SAN CAYETANO,0
COTO,0
ANYAYO,0
AVILLA,0
SAN PEDRO,0
CHIQUENSA,0
HUAYMANTA,0
HUAMUCALLA,0
LOS PELICANOS,0
LLANTARQUE,0
COCHICO,0
ACUPUGRO,0
ACHIN,0
MARANGALLA,0
HALCACHA,0
ILLUYA,0
LLANTACO,0
CALLAHUASI,0
TINGO HUANTAN,0
CHIQUIA,0
TURINCANCHI,0
EL TORO (PAMPA LA QUINUA),0
SEÑOR DE HUANCAS (LOS CHANCAS),0
QUINUACANTA,0
LOS CEJALES,0
SANTA FE,0
PLUSBAC,0
DON BRUNO,0
SAN MIGUEL ARCANGEL,0
CURMAYNO,0
ALLAHUAY ASADUNAR,0
MITO,0
GRANJA 5,0
TATIENGA,0
LAS TORRES SANTA FE,0
AGNO,0
TRES CRUCES,0
MATANGUIA,0
QUISPALCO,0
JUCHAMPI (VILMA),0
GRANJA 07,0
LALEN,0
CUSIPUNCO,0
CONCA,0
TAYNUYA,0
GRANJA 4,0
MOLINO CHICO,0
GRANJA 47,0
PACHATIN (OTUQUE),0
GRANJA 44,0
PEÑA BLANCA,0
CHURA,0
MALACTO,0
ALTO HUASCACHO,0
HUANLA GRANDE,0
PAMPA BLANCA,0
HUACAYPUNA,0
URAN,0
AGRICULTORES Y GANADEROS,0
ANTALLANA,0
MOLINO ALTO,0
AVICOLA SAN CIRILO DE LOMA NEGRA - 03,0
ESQUINA PRIETO,0
ÑACASPUNCO,0
YANAPCHACAN,0
PATA PATA,0
QUINCHIHUAY,0
PAMPA CHICCHIA,0
JUGA JUGA,0
CHATACANCHIHUYQUI,0
PEDREGAL,0
SARITA COLONIA,0
TARITA,0
USHMA,0
LA PERLA,0
AJARHUAYQUI,0
ESCOMARCA,0
CHICAYACU,0
OPACURO,0
PUTACA,0
CASCAJAL,0
SANTA ROSA DE MAL PASO,0
SAQUINANGA,0
PUQUIO,0
ANGALASA,0
CUESTA BLANCA,0
SIMUCHA,0
SUNCHURI,0
ATINCULLA,0
CHATAYQUE,0
AZUCARA,0
CONICHA,0
HUASUCARA,0
LLANCAYA,0
HUAYHUACANCHA,0
CHIPA CHIPA,0
KINANGUIA,0
LETICIA,0
CORNAYA,0
LUMAGUIRE,0
MATARACHE,0
MACSA,0
PAMPA FLORES,0
CANTUSHA,0
MANCHAY ALTO LOTE B,0
CASINCHE,0
TALIAZA,0
MALANCHE,0
AUYOS,0
SANGALLAYA,0
AZULCOCHA,0
GUAMOYA,0
LLINLLI,0
HUAJUTA,0
WASELLUMA,0
MURGO,0
PUEBLO VIEJO,0
ANTARAJRA,0
TRES QUEBRADAS,0
CHUCUMARCA,0
CHAUCANSA,0
PICHEQUE,0
SHACSHUNA,0
INVASION CEMENTERIO,0
SHAJA,0
TAMBO INGA,0
GUIRMANCHI,0
QUILLOTA,0
JINGUIRE,0
AUSHIQUE,0
AYSHA PAMPA,0
MANZANO,0
LLOLLUN,0
SAN LORENZO DE QUINTI,0
SAHUACHILE,0
MACACHAYA,0
NEGRITILLO,0
SALMACANCHA,0
SINCOCAYA,0
PAMPA TINAJA,0
CHACUAYQUI,0
PALCAMAYO,0
CHIGUA-CHIGUA,0
CHICLLA QUEBRADA,0
SAN JOSE DE LOS CHORRILLOS,0
YAMBRACA,0
CANTACA,0
ACERGUA,0
LUNAMAZA,0
SAN PEDRO,0
SAUSICHA,0
PAMPA PUQUIO,0
PIEDRA PURISIMA,0
CHAUCHIPA,0
HUAYQUIGOSA,0
COCHANCHE,0
YANAHUACO,0
CUILDA,0
LICHIJAIQUI,0
COYA,0
ACOPONCO,0
TOTURA,0
CHACRALANGA,0
TALQUICHE,0
ACOPICHA,0
HUASCACHA,0
MAJASHILE,0
MARAN NICHE,0
SAN MIGUEL DE LAYA,0
ANGARA,0
YANAYANTE,0
CHICRE,0
ABASHUAYQUE,0
SAN JUAN DE TANTARANCHE,0
SAN MARTIN DE ORCOCOTO,0
SAN FRANCISCO DE BORJA,0
SACSACOTO,0
ROMICHACA,0
HUCURWAYQUI,0
PEÑAMANA,0
MARCA COTO,0
HUALAGAYA,0
MAYARI,0
PICHAUCALLA,0
HUANAHUANA,0
OLLADA,0
PANQUILE,0
AYLLAPUQUIO,0
LINDERO,0
MARHUACA,0
HUANCANANA,0
RANCHO LOS TUNARES,0
HUANCAYANCHE,0
PACACHANCHE,0
TUNSUCANCHA,0
CORPATAZA,0
TAYAHUAYQUE,0
PUENTE,0
QUINTONAYA,0
OSAHUAYQUE,0
CHICCHICA,0
SAHUASAHUA,0
INGOLAYA,0
ESPIRITU SANTO,0
CHUPAHUARA,0
TALQUINE,0
SAN ANTONIO,0
CRUZ ALTA,0
CHAQUICHA,0
CUSIPAMPA LLAMBILLA,0
SANTIAGO DE ANCHUCAYA,0
HUAYLLA,0
JULLACHI,0
COCHICA,0
YURASCHANCA,0
PISCALA,0
ANTANGA,0
MILLGUA,0
SAYHUANCA,0
SHICACA,0
PEÑA ALTO,0
HUAYLLANCANCHA,0
MESA REDONDA,0
SANTA ANA,0
PALLACANCHA,0
LACTASHICA,0
ANGO POCULLO,0
OCLLAJ,0
HUAQUICRUME,0
POMACHE,0
OCSHA,0
PUCLLAHUASHI,0
YACUPIANA,0
PACASHUAYQUE,0
YASCANCHA,0
ANDAYACHE,0
LEON MACHAY,0
AGUAQUIRE,0
HUACARCO,0
TARACHE,0
SANTA ANITA - LOS FICUS,0
DOS RIOS SUNICANCHA,0
ORCORURE,0
SANTA CATALINA,0
CARHUAPAMPA DE PARIAC,0
CHILLACO,0
SANTA ROSA DE CHONTAY (CHONTAY),0
SHAMAÑA,0
BARRIO OBRERO INDUSTRIAL,0
SIERRA MORENO,0
CHACRALTA,0
RUCUTUPE,0
ACOPAMPA,0
FRAYLER,0
PARCA BAJA,0
PARCA (SANTA CRUZ DE PARCA ALTA),0
CASHAPATA,0
SANTA ROSA DE PUCSHAMA,0
HUAQUISCANCHA,0
SANTA ROSA DE CHUNE,0
SHURURA,0
SEXULA,0
CAMPARARUME,0
TAPICARA,0
ANYAHUASI,0
SICICAYA,0
CARRETERA CENTRAL,0
SANTA ROSA DE PALLE,0
MORALLA,0
RESIDENCIAL SANTA LUCIA,0
JICAMARCA ANEXO 2,0
MARCAHUAY,0
CALLCA,0
CHOCNA PATA,0
ANTAHUACA,0
ROMA ALTA,0
ROMA BAJA,0
SANTA CRUZ DE UCROS,0
SAN JOSE DE PALLE VIEJO,0
ASOCIACION SANTA INES,0
CUTUCANCHA,0
LA MINA AGUADA SALADA,0
SANTA INES PARCELA,0
AGROPECUARIO VALLE EL CHILLON,0
HUILLAMARCA,0
SAN JUAN DE LANCA,0
RANGRA,0
JICAMARCA ANEXO 21,0
SALPIN,0
EX FUNDO SANTA INES,0
COCHOMA,0
VETANCIO,0
CAMINO REAL,0
HIPILLINA,0
SHOGLAPATA,0
LAS ANIMAS,0
REPOSO,0
SAN PEDRO DE CARABAYLLO,0
LA MINA EL BETON,0
LACHA CANCHA,0
COMPAÑIA MINERA PACOCOCHA,0
LUCMASECA,0
CHACRA GRANDE,0
CHURUNCANCHA,0
SAN FERNANDO DE CARABAYLLO,0
CUNCAÑI,0
MACON,0
GRANJA CARABAYLLO,0
VISTA HERMOSA,0
CERRO CAÑON,0
EL SABROSO DE JOSE CARLOS MARIATEGUI,0
CARHUACAYAN,0
JOSE CARLOS MARIATEGUI,0
ULPO,0
COPACABANA,0
SAN MATEO DE OTAO,0
LA MANZANA,0
HUAYCA,0
NARANJITO,0
HUACAPUNE,0
PURUNHUASI,0
EX FUNDO MARIATEGUI,0
LA CRUZ (11 AMIGOS),0
CALLAHUINCO,0
TORRES DE COPACABANA,0
POMAYONA,0
BELLO HORIZONTE,0
FUNDO PAMPA LIBRE,0
SAN FERNANDO DE COPACABANA,0
EL HUECO,0
FUNDO CUADROS,0
SANTIAGO DE PUNCHAUCA,0
EL TREBOL,0
CUCHICORRAL,0
CACHER,0
TABLADA LA VIRGEN,0
ALLCARANGRA,0
CAMPAMENTO MINERO MILLOTINGO,0
DON LUIS,0
SANTA ELENA,0
CARMELITO,0
PITURANGA,0
SAN JUAN DE ALLAUCA,0
CERRO PUQUIO,0
SIPAN PERU,0
SAN GERONIMO DE PUÑAN (SAN JERONIMO),0
SAN MIGUEL DE VISO,0
EL ROSARIO,0
SAN JOSE DE PARAC,0
HUARANGAL,0
MANCAN,0
SAN JUAN DE MAYHUAY,0
HUAYCOLORO,0
VIQUIL,0
PARAISO,0
SANTA MARGARITA - MOLINOS,0
HUACHUNYA,0
QUIÑIHUA,0
SAN ANTONIO DE CUMPE,0
LUCHOMARCO,0
RIO SECO,0
BADO,0
OCATARA,0
LA MINA HUAYCOLORO,0
SHOCOCHA,0
ESTANCIA ISCUTACAHA,0
SAN JOSE DE BADO,0
ESTANCIA PULULLO,0
MAYOC,0
LA MINA LAJAS,0
PAMPA HUASI,0
LA MINA TIERRA AMARILLA,0
ESTANCIA TUNSHOCANCHA,0
SAN PEDRO DE CASTA,0
SAN MATEO,0
LA MINA LA LOMADA,0
OLFA,0
HUAYRUMA,0
CHAQUEIHUARQUI,0
ALTILLO,0
CANCAPUCRO,0
LA CALERA,0
ASULCOCHA,0
LA CALICHERA,0
MIRAFLORES NORTE,0
HURUTUHUANCA,0
KIUCHA BELLAVISTA,0
LOS LAURELES DEL NORTE,0
AUQUIPUQUIO BELLAVISTA,0
NUEVA ESPERANZA,0
BELLAVISTA,0
QUISHA,0
CULLHUANCA,0
EX HACIENDA CHANCAYLLO,0
PAMPAS LOS HUACOS,0
SOSPUERO,0
CONGUY,0
PANCHALA HUACA,0
YANAME,0
EL TREBOL,0
PANCHO,0
POCROCOCHA,0
CONDRO HUINCO,0
ORCON,0
AGO,0
PUENTE VERDE,0
EL SOLAR,0
CUSHE CHICO,0
SAN PEDRO,0
LOS LAURELES,0
LOS ALAMOS,0
ESTRELLA DE LA MAÑANA,0
LAS DELICIAS,0
SAN JOSE VIEJO,0
CONCHACHAS,0
PUMACHAQUI,0
AYASURA,0
4 DE JUNIO,0
PROVIDENCIA,0
SANTA ROSA DE TAMBO,0
SAN ANTONIO,0
SANTISIMA CRUZ DE SACACHISPAS,0
CHACRA GRANDE (SANTA ROSA),0
IJADERO,0
GARCIA ALONZO,0
PANCHO CORRAL,0
PACHACAMA,0
CACHACHO BAJO,0
ASCASHGUAGANAN,0
CHINCHICAY,0
CHUCURHUAMAN,0
ANTAMACA,0
TUCTO,0
RACRAY,0
TURMANQUIA,0
LAS CASUARINAS,0
QUIULACOCHA,0
GRANJA CIGUEÑA,0
BARROPATA,0
CAPRACANCHA,0
EL TRES (HUAYAN CHICO),0
HUILLCA,0
HUAYTARA,0
ESPERANZA ALTA (LA VIRGEN),0
EL HATILLO,0
HIRGUA,0
AGENE,0
CHUAQUE,0
PARAJE TRANQUERA,0
SIPAYA,0
RUCUMA,0
ARAPA VALENTIN,0
LLAMALQUE,0
CAPILLAYOC,0
CABUYAL BAJO (SECCION GRANADOS),0
HUACHULLANE,0
MUCHACANCHA,0
SAN MARTIN,0
QUILLAYCANCHA,0
OLLORO,0
EL PROGRESO (CABUYAL),0
HUALGAYANE,0
PINCHI,0
LANCANA,0
SHALA SHALA,0
HUALGAGAYAN,0
CALLACOTO,0
ESPERANZA CENTRAL,0
LA BANDA,0
BUENOS AIRES,0
UCLE,0
JAY LAY,0
GOÑAS,0
HUAYLLAPUQUIO,0
INGENIO,0
LA ARENA,0
TAMBO DE OBRAJILLO,0
LUCLE,0
LAS PALMERITAS,0
CAPACAY,0
LLEWAS-WASHE,0
GUARIPA,0
CHACACANCHA,0
CORPORACION GANADERA PL 287,0
CHAPA,0
ARHUANQUICHIGUE,0
LA SOLEDAD,0
SANTA ROSA DE ACOCHACA,0
CERRO CONO,0
COCHAPAMPA,0
MARGARET,0
HUISCARRANGRA,0
POSO,0
GUADALUPE,0
PUNCOS,0
RIHUA,0
ACARHUAY,0
JAURIJAN,0
COLLOTAYOK,0
YANATUNAN,0
ACOL,0
JISJACHA,0
AÑIRACA,0
CAPILLALLO,0
PUCACHACA,0
YAPACOCHA,0
CHUMACHAY,0
RANRABAO,0
TARAPO,0
LUMBRA (SAN FRANCISCO DE LUMBRA),0
JANSHA,0
PARIACANCHA,0
CHAKICOCHA,0
ZAZACOCHA,0
JAJA MAICHI,0
POMORA,0
MUYUPATA,0
HUANCA HUANCA,0
CERRO GALLINAZO,0
HUANCA MAJADA,0
CHUNCAL,0
CAÑAHUASI LUMBRA,0
HUARHUAYONJA,0
JIPAPUQUIO,0
HUAMANCOCHA,0
SAN MIGUEL (SAN MIGUEL ARCANGEL),0
CACROS,0
CURHUAY,0
PACAY,0
JUSHPA,0
MACHAN,0
PATAHUAY,0
SAWUAC,0
TIJERAYCO,0
PATAHUAI,0
BAÑOS 4,0
SHALY,0
CANCASPATA,0
CALLAPA,0
CHUCHURA BAÑOS,0
CHIUYUC,0
SANGO,0
SAN JUAN DE CHAUCA,0
CALLAS,0
PULLUM,0
CHIWITAMA,0
OCUPAMPA,0
COCHATAMA,0
CUSHPAPURINA,0
TUNASGIRCA,0
PULLAO,0
QUILCAPUNA,0
HUAMANTAMA,0
QUISAN,0
AÑAMPAY,0
AYSHACANCHA GRANDE,0
AYSHACANCHA CHICO,0
SHULCAPOGO,0
CHILCAO,0
PACHAMARAY,0
JANCAMACHAY,0
CHIHUINTANA,0
CHUPASCANCHA,0
JATUMITO,0
ANCASCOCHA,0
TICLACAYAN,0
CHAQUI,0
HUAYRENCA,0
HURALLAYOC,0
KIUYO ALEGRE,0
QUIMAN,0
PACHIPAMPA,0
PILLUCACA,0
PLAYA CHAMBALA,0
HISCAYCOCHA,0
PLAYA LA ESCONDIDA,0
PLAYA A.C.J.,0
ALLICATE,0
PLAYA LA ENCONTRADA,0
PLAYA LEONCITOS,0
PALLCA CRUZ (PALLCA),0
SUQUIAC,0
TINYACANCHA,0
ACAUCO,0
CANTO MAYO,0
CONTRY CLUB DE VILLA,0
AGINIAPAMPA,0
RUNTUNE,0
AJUSCA,0
YURACPUNCO,0
YANACHAJA,0
MANZANALES,0
SAN GERONIMO,0
HUANOCHICCHE,0
MANINA,0
PLAYA LA RIVIERA FRANCESA,0
JATUN ACCO,0
RINCONADA,0
YANGASPALMA,0
HUANCAPUQUIO,0
PUEBLO OBRERO DE MACHURANGA,0
ARPA,0
APALAC,0
PUCAHUASI,0
HUANCALLPI (HUANCALLPI),0
DELFINES,0
ACACHI,0
HUATALJ,0
LA ESTRELLA,0
EL PALMO,0
QUELCA,0
BUJAMA - MORAVIA,0
BARCELONA ALTA - TAYOOK,0
PEYAYLLO,0
KAWAI - BUJAMA,0
HUAMAN RIPAYOC,0
CAPILLA,0
YANANPE,0
ÑAVES,0
NARANJO,0
SAN JUAN DE BARCELONA,0
HUASMANQUILLAS,0
KAWAI,0
BARCELONA ALTA,0
LAS TOTORITAS (BALNEARIO),0
YARACMAYO,0
PAMPACORRAL,0
YAPAN ATIC - PAMPA VINCHEZ,0
CHACRA CHACRA,0
HERHUACA,0
SAN LORENZO DE PUTINZA,0
SAN MARCOS DE LA AGUADA,0
PENTEROCHA,0
ESCALA ALTA,0
NANGRUY,0
LULIN,0
MACHIQUE,0
HUANDUTA,0
ACOLLA,0
PUENTE SAN ANTONIO,0
HUASTA HUAS,0
EL HUARANGAL,0
PATAGRANDE,0
SHUMPA,0
CANCHAGALLA,0
CHUCA,0
LLAMIONSO CHICO,0
HUICAS,0
USTUNA,0
SANTIAGO DE CHOCAS,0
CASUY,0
CONDOR,0
COSTA DEL CAMPO,0
SEGSE,0
CASHE,0
HUAYRUY,0
INMACULADA CONCEPCION,0
EL BARRANCO,0
CANQUILLE,0
CERRO LA VIRGEN,0
CHAMANA,0
SHEÑUCA CORRAL,0
MACANA,0
SHEÑUCA CHACRA,0
SAN JULIAN,0
SAÑIN,0
AYRAY,0
ANTAMALAM,0
SANTA ROSA HUARANGAL,0
SHUNCAJA,0
SAPSE,0
AYCUÑA,0
PIEDRA BLANCO,0
CABRA CORRAL,0
CAUPAMPA,0
HUARINGAY,0
PACHES,0
CARPA,0
GRANJA LEON DORMIDO,0
NUEVO SANTA CRUZ DE FLORES,0
CHUMCUPIA,0
VISCACHA,0
CUNSHO,0
PUMA HUASI,0
SANTA ROSA DE CATA,0
PARCELEROS AGRICOLAS DE N,0
TURCA,0
PAMPA LARGO,0
LA PERLA,0
TAMBILLO,0
CHAYARAPATA,0
SHIBATICO,0
MAPAQUILE,0
QUIURIN,0
NUEVO SAN ANDRES,0
CALPA,0
QUINANGA,0
CUCHIPAMPA,0
HUANCHICA,0
CHAJLUYO,0
LUCLE,0
OASIS DE SAN ANDRES,0
PUENTE AUCO,0
AUCAMPI,0
SUNICHACRA,0
QUINCHAYA,0
HUADIQUE,0
JAGULA,0
SHANCA (SHANCA PATA),0
OTRA BANDA,0
SAN JUAN DE MALLEURAN,0
JALICANCHA,0
TAMBOHUANCA,0
ALTO PUCUNA,0
QUISPHE,0
SAN JUAN DE VISCAS,0
PAMPA CULIBRIA,0
HUACTA,0
PUMAJAY,0
TOMA DE VISCAS,0
PUMALLA,0
MASHAPULO,0
AVICOLA SAN CIRILO DE LOMA NEGRA - 02,0
SOTOJ,0
ACOYA,0
AGUA SUCO,0
PUCUNTURA,0
CUCHURA,0
PIE DE LA CUESTA,0
CULL CON,0
CHALHUACA,0
CALAHUATA,0
PIRUTE,0
SHARAJ,0
CHUMPISHE,0
PAMPA MAMAY,0
NUEVO CUCULI,0
QUEMAO,0
OCOTUPE,0
HUANCRAJARO,0
TIKLLA,0
HUASSACORRAL,0
ISHQUILPATA,0
WASHCAYLA,0
VILLA JARDIN CUCUYA,0
HUANQUENI,0
PANCO,0
PALLALLA,0
JARUNGA,0
PIEDRA CACERES,0
WAJLA,0
MISHURAN,0
HUAÑECCHACRA,0
PACARUNA,0
LLANCOS,0
ULULUMA,0
WAJLAYO,0
TINGO,0
SANTA CRUZ DE PULACAMA,0
MITULY,0
MACAYA,0
LOMAS PUCARA,0
YAUYINAZO,0
QUECA,0
LORITO,0
FUNDO SANTA GENOVEVA,0
MUCHICA,0
CERRO BLANCO,0
FUNDO LA QUERENCIA,0
ANTAQUE,0
JONUJAU,0
CASIHUA,0
SANTA ROSA DE CAPUTISH,0
CANCHILLPO,0
CHALCA,0
CASCAJO COLORADO,0
PAMPA MALANCHE AVICOLA PUMA,0
COLINDA,0
ESCALERA,0
CHACACANCHA,0
HUARANGAL,0
MUÑIHUASI,0
MALPASO,0
TARA,0
LA CUESTA,0
PIEDRA REDONDA,0
NEGRITA,0
TANTAYOC,0
MANCAPUCRO,0
CACHIS,0
SANTA CRUZ DE COMALIPA (CASA ROSADA),0
COQUIN,0
PANAHUARCA,0
KICHIHUILCA,0
SANTA CRUZ DE PIEDRA GRANDE,0
HUANQUINHUA,0
HUALLAYA,0
MILLPO,0
SHUNDORUME,0
BUENA VISTA ALTA,0
AGUASHUCO,0
MONTE VERDE,0
CORRAL DE RODEO,0
HUANCALACILA,0
COSCOTO,0
RINCONADA DEL PURUHUAY,0
SAN JUAN DE LLEPATA,0
AUQUIRIS,0
SALAGUTO,0
PINCULLUYO,0
COMPAYLE,0
LIA,0
SAN JOSE DE CANCHARAN,0
SANINCACHI,0
SHAQUILLA,0
ESCALA,0
MALLAMA,0
MASHINSHE,0
SAN PEDRO DE HUAYANCHE,0
WASEMANTA,0
PACLLUCANCHI,0
WILLANGOTA,0
PARI PARI,0
COTOSCANSA,0
SHUITO PUQUIO,0
HUAYCHANA,0
ALLAGA,0
MIQUIYIHUAYQUI,0
CHURACOCHA,0
SIETE GERANIOS,0
YUCAMUNI,0
LUCOMAYQUE (ECHADERAS),0
CRUCEÑITO,0
SANTO DOMINGO DE LOS OLLEROS,0
TAMBITO,0
JOYITO,0
SHAHUANCA,0
PARACO,0
LAMA,0
CUSHIPAMPI,0
CHILCHE,0
CANCHAMARCA,0
CHAULALA,0
SHAMPO,0
TAPUCALLA,0
SUCHUC,0
PIEDRA PALCHA,0
CUCHILLO GRANDE,0
PARIAÑES,0
CHICLLAGOTO,0
CAPILLAYOC,0
CONTADERA,0
ORAPE,0
TRANQUERA,0
PAMPA RODEO,0
COMPARSA,0
RINCONADA,0
SHAJILPA,0
PEÑITA BAJA,0
JUAYA,0
CHAPARCOSA,0
ASOSICA,0
JIGA,0
CAPILLAYJO,0
PUCHAPUCHA,0
SANQUE,0
SAN MARTIN,0
SUYO,0
NIEVE NIEVE,0
CAMPAMENTO MINISTERIO DE TRANSPORTES Y COMUN,0
SANTA ROSA DE HUARIQUINCANCHE,0
SISICAYA,0
MASCHACRA,0
SAN DAMIAN,0
YANASERI,0
SAN JUAN DE PACOTA,0
CHUSPI,0
OSHUNA (OSUNA),0
PUQUIO TAMPUCAYA,0
HUANIN,0
ZONAMASA,0
SHICA CHICA,0
SANTA ROSA,0
SAN ANDRES DE TUPICOCHA,0
AQUETCH,0
MALAYPUNCO,0
VILLA EL SOL,0
LLACRATAMBO,0
MACUAYQUE,0
MAYANI,0
CHAMPUANA,0
LA CHABANA (LABANA),0
LAS PALMERAS,0
CANCASICA,0
SANTIAGO DE TUNA,0
YASABIRI,0
PAMPAGAYA,0
CULLICANCHE,0
SALAPUCRO,0
CUNCHUPUNCO,0
CACHIGOSA,0
CHAUCALLA (CHAUCALLE),0
SACALLANA,0
ORCULLA,0
HUAYQUICANCHA,0
SAN MIGUEL DE CHARACUAYQUI,0
LLACAVINE,0
SHISHICANCHI,0
TAMPUCANCHI,0
PICACHAHURE,0
CIENIGO,0
SHURURUMA,0
SHAJSHA,0
SAN MARCELO,0
PAMPACANCHE,0
PAÑAPAÑA,0
PEÑA GRANDE,0
SAN PEDRO DE LLANCHA,0
PURUCHUCO,0
HUANGRE,0
PAMPA ANDENES,0
CARIÑITO,0
LA CASCADA,0
CAHUATACHE,0
LA MERCED DE CHAUTE (CHAUTE),0
GUITARRA,0
MOSALLA,0
FUNDO VERRUGAS,0
SALCATUBE,0
SACASANCHI,0
QUISQUICHA,0
SHICACORRAL,0
QUISHUARCOTO,0
COAPINTA,0
PUCURUNCHO,0
MANQUINCARA,0
PAMPA DE ZARATE,0
PLAZA,0
HUARASCANCHA,0
CUARENTAIDOS Y MEDIO (LA PASCANA),0
HUAYCOLORO GEOFISICO,0
SANTA ROSA,0
TUCTUPATA,0
CUTUAYQUE,0
SHUNGA,0
CUPICHE (SOL DE CUPICHE),0
NUEVO CUPICHE (SAN JUAN DE CUPICHE,0
HUAYARINGA ALTA,0
TROMPETERO,0
MALAFACHA,0
MITO AMARGO,0
SANTA EULALIA,0
SAN BARTOLOME,0
YONCOCA GRANDE,0
LLUJULLUAIQUE,0
TARITA,0
ANTANCHI,0
RUPIA,0
QUICHO,0
UNCHURUN,0
CANTADA,0
NEGROCUANA,0
CHAUPIMARCA ALTO,0
VAQUERIA,0
SAULLA,0
LA MINA AGUADA DULCE,0
COYA,0
JICAMARCA ANEXO 24,0
LAGUNA,0
LA LOMADA,0
ARAPAMPA,0
ESTANCIA MANCHAY,0
ESTANCIA MIRPO,0
ESTANCIA JOIRE,0
CERRO CANTERA,0
CACHIL,0
TAMBO PARDO JICAMARCA,0
CARUYA,0
PAUCACHA JICAMARCA,0
ESTANCIA HUISHCALANCHA,0
ESTANCIA ATACRA,0
ESTANCIA PANA - PANA,0
ANCHE BAJO,0
EL OLIVAR,0
ESTANCIA PARIA,0
SHULSHA,0
ESTANCIA QUILLIRANGRA,0
VIRGEN DEL CARMEN DE QUIPAN,0
CARMEN,0
TRAPICHE BAJO,0
PUENTE COPA,0
ESTANCIA ANTAURA,0
LIBERATA,0
SAN LORENZO DE HUACHUPAMPA,0
HIGUERA,0
ESTANCIA PAROC,0
TEMPLADOR LAGUNAS,0
LUCMA,0
ESTANCIA HUACHICACA,0
ESTANCIA UCUSHCANCHA,0
GUASGUAYIN,0
TAMBILLO,0
PONGO,0
CASA BLANCA,0
SAN JUAN DE COLLATA,0
OROBEL,0
HUARABI ALTO,0
SHOCLACANCHA,0
LOS PINOS (CALZADO),0
FLAUTAYO,0
LA MINA CARACOL ALTO,0
WISHIRANGRA,0
ZAPAN ALTO,0
SAN JUAN DE IRIS,0
SANTA ROSA DE MACAS,0
MACACHACA,0
CANUBO,0
PACLLAHUANCA,0
LINDERO TRAPICHE,0
LA MINA CARACOL BAJO,0
HUANAYCOTO,0
QUISHAGUA,0
CURUPASCA,0
SHUMUCANCHA,0
HUARABI BAJO,0
LIRCAY,0
HUAHUAYO,0
COLQUI,0
YANACOCHA,0
TABLACHACA,0
QUIVES,0
PUCHA,0
SAN MARTIN,0
CARMEN,0
LLIQUISHPATA,0
VIRGEN DEL CARMEN,0
GANGAY,0
QUISO ALTO,0
PAQUIAHUANCA,0
RANRAUAY,0
PIEDRA AZUL,0
PIRHUWINCO,0
TULPAY,0
UCUSHCANCHA,0
SHIRHUINCO,0
COCHAS,0
CARANACUNCA,0
VILLA DEL MAR,0
TRAMBUCUMA,0
CHILLACOTO,0
CANCANY,0
EL OLIVAR ALTO,0
LAS PALMERAS,0
INGANA,0
GRANJA N§ 180,0
LA CASETA,0
LOTIZADORA ACUÑA,0
VISTA ALEGRE,0
PUMASA,0
SANCHIMACHAY,0
CONTROL,0
VIRGEN DE FATIMA,0
CHUMPE,0
SIFON,0
GUANCAMACHAY,0
MANGLAR,0
VIGO,0
HUARANGAL,0
CARAMACO,0
LAS SALINAS,0
SHAHUAC,0
TICLIO,0
PASAMAYO ALTO,0
CHACLIMA,0
CACHIRI,0
GRAMADALES BAJO,0
SHULLUCOTO (COTOBAMBA),0
ESCAPARATE,0
CARIDAD,0
CARACOCHA,0
BUENA VISTA BAJA,0
PIRICMA,0
CHACRACOCHA,0
ANTICONA,0
CHUYME,0
LUNAVILCA,0
CONDOR CHUCCHO,0
CUNAY,0
BUENA VISTA ALTA,0
PITI CULLIC,0
SALINITAS,0
HUARMICOCHA,0
ALLPAMARCA,0
GRAMADALES,0
AÑAPO,0
CURICOCHA,0
SALAS,0
ANTAPACCHA,0
RAUMACOCHA,0
CARISH,0
PUCARUMI,0
CARHUACOCHA,0
CASA BLANCA,0
PARARA,0
OCOCOCHA,0
HIERBA BUENA BAJA,0
MARIAPACANCHA,0
HIERBA BUENA ALTA,0
ACUSHO,0
TUCTO,0
VISCAS,0
SAN JUAN DE VISCAS (VISCAS),0
ISCUMACHAY,0
MARGARAC,0
PARISPACCHA,0
CUNCUSH,0
SAN CRISTOBAL,0
MONTE GRANDE,0
HUARIHUARPO,0
MONTE CHICO,0
CHINCHAN,0
SAN JOSE ALTO,0
INGUANCHI,0
SAN LORENZO DE COCHABAMBA,0
HUAYRACHI,0
QUINUACOCHA,0
TINTO,0
LAS VIÑAS,0
YANE,0
CARACUANCA,0
LOS LAURELES SUR,0
JURAO CHICO,0
CONDORCAYAN,0
RAURE,0
PUIHUARUME,0
SHITGA CHICO,0
CHICHINGARA,0
HUASCOY (SAN CRISTOBAL DE HUASCOY),0
SAN JUAN DE UCHUCUANICO,0
SANTA CRUZ DE CORMO,0
HUAMANMARCA,0
CHALAMAQUE,0
DESAGUADERO,0
HUARACNIN (SAN MARCELO),0
COSHCA,0
SAN PEDRO DE HUAROQUIN,0
ISKO,0
CAYANTAMA,0
JAMASCA,0
CARACTAMA,0
NACHAO,0
LUMBRA (CAMPAMENTO),0
SHOGOSPUQUIO,0
PALCA CARAC,0
LACSACOCHA,0
SANTIAGO DE CHISQUE,0
CACHUALIN,0
SHUGA,0
INMACULADA CONCEPCION DE PASAC (PASAC),0
MANCACOCHA,0
HUANCOY,0
NANACAYAN,0
PARIANTANA,0
MACUACHE,0
PAGUANCA,0
PALUCUMAY,0
MARIAC,0
PUNTA CHICA,0
ANYAC,0
CHIHUITAMA,0
COCHAC,0
SAYAN MEDIO,0
PESEBRE,0
TAMBO,0
RIGUAN,0
ESTADIO,0
PILO PILO,0
CUSHJIRCAY,0
LUCUMA,0
YANAPACHA,0
ALPAMARCA,0
SACSARHUANCA,0
SANTA ELENA SUR (JUAN VELASCO ALVARADO),0
LATERAL L,0
CIUDAD DEL AGRO (VICTOR RAUL),0
SAN CARLOS,0
SANTA EMILIA,0
SANTA ELENA SUR-ASOC. ANGEL FLORES LA NEGRA,0
VENTUROSA,0
EL SAUSAL,0
CANTAGALLO,0
LA CAMPIÑA DE SUPE (PEDREGAL),0
LA MERCED-PURMACANA,0
PAMPA VELARDE,0
MICAELA BASTIDAS (VENADO MUERTO),0
SAN JORGE,0
AMAUTA,0
PLAYA MALVA ROSA,0
PAMPA EL ANGEL,0
MALVA ROSA,0
CONO SUKE,0
SANTA ELENA NORTE,0
AGROPENSA,0
ROMPE QUINCHE,0
1 DE MAYO,0
SAN MARTIN DE PORRAS,0
SIMON BOLIVAR (GALPON),0
SANTA VICTORIA (PURMACANA ALTA),0
CANOA (GRINGO MUERTO),0
PUNTIZUELA,0
PAMPA SAN ALEJO,0
HUERTO MAYORCA,0
HORNILLOS (LA CENTRAL),0
RANRAIRCA,0
CAPITANA,0
ARAYA CHICO,0
ZAPALLAL,0
TUNSAN,0
LA CAÑADA,0
PLANTA,0
PAMPAS SAN JOSE,0
ONCE ESTRELLAS,0
LAS VEGAS,0
BELLA ESPERANZA,0
LA FORTALEZA,0
CHURLIN BAJO,0
CORRALES,0
POZO LIZA,0
PAMPA CALLANA,0
PACAE,0
LITERA,0
GRANJA SANTA CATALINA,0
PLATANAL,0
ENSENADA,0
HOYA CHICO,0
SHAURA (TUPAC AMARU),0
MANAS,0
MARIA COLCA,0
MANDAHUAS ALTO,0
PACUSH,0
CHIQUIAHUANCA BAJO,0
PUTGAPAMPA,0
MATACORRAL,0
GAUGIHSCANCHA,0
LANSHACANCHA,0
TUCUR CHICO,0
CURICARRACAO,0
CACHIPACANAN,0
PIEDRA GACHA,0
ANTACANCHA,0
AGURRAGRA,0
LUCLISHUANANAN,0
TULPARRUMI,0
RACAO,0
PICUY (ESTANCIA),0
MANUPECA (ESTANCIA),0
HUANCARACAO,0
YACUPIANAN,0
ERAPAMPA,0
CURI,0
PAMPAM,0
SHIRICANCHA,0
SHUNTURRAJRA,0
KISHUAR SURO,0
PACHAN,0
PUPUY,0
ACSHURRAGRA,0
AGUA SINSAN,0
LISCAPATA (LISCAPATA),0
SAGRAMACHAY,0
PAMPAJATO,0
PATA PATA,0
RAGRACACHIN,0
NAMIAHUAIN,0
ALGUAPATA,0
COTOS,0
CUNPIN,0
POMACAYAN,0
SHISHIN,0
PAPAQUI,0
AHUAS,0
COCHA,0
ANCHI,0
WISHCACUTA,0
PARIAHUANCA,0
POGPUI,0
ANAY,0
YACUYOC,0
CASHAGOTO,0
JARACHACRA,0
QUINCHE,0
JIRCACOCHA,0
YUNCA RRUMI,0
ANGAS,0
HUARANCOCHA,0
YANAMACHAY,0
HUACARRUMI,0
RAJANYA,0
PASHPASHIMIN,0
OCSHUY,0
QUETE,0
CRUZ BLANCA,0
ULTIMO POTRERO,0
CANCHAN,0
HUASCAY,0
PAMPAYE,0
WISHCASHCANCHA,0
RICRY,0
SAN ANDRES,0
TUMANPUQUIO,0
COCAYRA,0
SUNSUN,0
ALHUA,0
LAS AGUILAS,0
UCRUPAMPA,0
PUCARUMI,0
BUENOS AIRES,0
PUCHQUE,0
PATACOTO,0
ANTACOCHA,0
CAMARA DE CARGA,0
RARAPATA,0
COLQUI,0
GENTIL PUNTA,0
PACUR,0
COTO PUNTA,0
ALHUAPANCA,0
LA HOYADA,0
ASIACOCHA,0
CANCHAG,0
SINSAN,0
GARACANCHA,0
UTCURRAGRA,0
AMANCAY,0
HUECCHI,0
MOLINO,0
CANTADERA,0
SHIRY,0
SACUACORRAL,0
ISHANCORRAL,0
ACARHUAIN,0
YANAHOCO,0
WICLUSHCANCHA,0
TOTORACOCHA,0
CUNUCPATA,0
SUNTACOCHA,0
PUNUNCAYOC,0
CUTAJATO,0
CALICANCHA,0
TAMBUNAN,0
SILVAMINA,0
PUTJAPAMPA,0
TRANCA,0
PUÑOGSHA,0
FLORESPATA,0
INCAJURCANAN,0
PECOYCANCHA,0
SANTA ROSA,0
YANASAGA,0
ARGUAPATA,0
CARCAPELANAN,0
ANTAHUANCAR,0
HUANSI,0
CARVAN ALTO,0
GANGAHUAYOC,0
CUNYA,0
HUACRUPATA,0
UCROS,0
ULPI,0
NAVIN,0
CAJAMARQUILLA,0
PILUCANCHA,0
LUYLURUMI,0
VECINA RAGRA,0
PILUYACU PAMPA,0
ISHPAG,0
YAULI,0
PILUYACU PUNTA,0
HUAGROCORRAL,0
GARCUNA PAMPA,0
LIRIOCUTA,0
CURIPACA,0
SHAPIL PAMPA,0
SACRA PATA,0
GASUNAUCRO,0
ANCCO - ANGO,0
HUAGRUCRU,0
CHUNCHUR,0
PACYOR,0
CUTACANCHA,0
MITO MITO,0
QUISHUACA,0
COYAPASAN,0
PASASIN,0
CACHI PATA,0
TURPASH,0
LANCHA,0
CHIPOG,0
MITOALANAN,0
MASHIN,0
YANA CORRAL,0
SHANSHA,0
CAME,0
LLOCCHA,0
HUANCACHIN,0
YURAGCANCHA,0
PAKI AJ,0
HUANCA ISHAN,0
MACA NACOTA,0
CAÑON,0
CHUCHUS,0
CONTUYOG,0
SHAMPAYO CANCHIJIRCA,0
PUMACAYAN,0
AMARROCO,0
MINAPATA,0
HUAYNUPAMPA,0
GOÑOC,0
TOTORAPAMPA,0
CHUCHUILCA,0
POMACOCHA,0
SIGNO PAMPA,0
TUMAC,0
SICARHUAY,0
COLPA CHICO,0
TINGO BAJO,0
ALPAYACU,0
URURCOCHA,0
TOTORA,0
URPAYCOCHA,0
CAPILLA PATA,0
GOLARAGRA,0
ALPA YACU,0
PISHTAG,0
CHAMPAHUAIN,0
PUMA RRINRI,0
AGUA BLANCA,0
RAUCAN,0
HUAYSAO,0
PUCACHUCO,0
MASETA,0
HUARAMANCA,0
ALTUS CANCHA,0
GUÑOG,0
GOCHARI,0
JURUSHPAN,0
SEYGUIA,0
HUATIAC,0
SAN MIGUEL,0
COLCAPAMPA DE MANI,0
PACCHA BELLAVISTA,0
SAHUANTA,0
PAMPAN,0
SANTA LUCIA DE ARARA,0
HUALALIN,0
CANCHA,0
QUICHAURA,0
HALAN,0
TANKITURGO,0
PANETAMA,0
QUIQUIORA,0
HUAMPAR,0
MAGACAÑAG,0
YARUCHINCHAN,0
PACHACUMA,0
CURIMAGAHS,0
SHUSHURPAHUAIN,0
COTOCHOS COTOSH,0
YACAIT,0
CONCHAO (SAN JERONIMO DE CONCHAO),0
MATALTAMA,0
SURGO,0
LIPLE (VIRGEN DEL CARMEN DE LIPLE),0
ÑAURIN,0
CARACANCHA,0
HUCCUAIN,0
PALIANMARCA,0
GATUN PUERTA,0
PUYHUAN,0
REICO,0
BOLA,0
YURAG CORRAL,0
ANTAMAJADA,0
PAMAHUAYIN,0
BADO,0
QUISHUARCAYA,0
SULUPAMPA,0
SANTO CAMPO,0
UCHCUMACHAY,0
HUANCURA,0
JANQUIL,0
LA FE (LA HACIENDA),0
CHUCHUAIN,0
COCHACAYA,0
RATA HUACA,0
TURMANIA,0
PAPAYE,0
PIRUSULLO,0
SHARIN,0
CAUPE (CALVARIO),0
SAN FRANCISCO DE HUACHO (HUACHO SIN PESCADO),0
UCHCUPAMPA,0
MUÑA VADO,0
RAPAZMARCA,0
ROSAHUAYTA,0
VALLE HERMOZA,0
PACA PAMPA,0
PUAGPUQUIO,0
CHUPARHUAYLA,0
ANTAPUNTA,0
PUENTE TINGO,0
CHAUPIGILCA,0
HUISCASHCANCHA,0
LIC LIC,0
ANGUSH CHICO,0
FUNDO GASIL,0
HUANDA,0
SISHINA,0
SAN BARTOLOME DE CURAY,0
PAMPA,0
ANGOSH GRANDE,0
SHAGAPATA,0
CHURHUAYLA,0
CHALCO,0
TAGRA,0
HUAMO,0
HUACHUPACANCHAN,0
KALKAPUQUIO,0
MIYO,0
HUICHARA,0
TIPSHA,0
PACHAURA,0
VISTA ALEGRE,0
PATCHAC,0
RELAPALAC,0
HUSPA,0
HUPAMAYO,0
HOGSHAPATA,0
GUTTOCOCHA,0
VICOS,0
GUTUWAYLA,0
HUACHAC,0
LICACANCHA,0
CHURAMACHOY,0
CHIURIC,0
GARACWAHIRA,0
HUAYRURA,0
HUAYCHAUMARCA,0
PUMAHUAIN (ASCENCION DEL SEÑOR DE PUMAHUAIN),0
GUENAUCRO,0
HUARARIN,0
YARA HUAIN,0
PUÑAUCRO,0
MARCOPATA,0
QUINAYA,0
RUMICHACA,0
GUENGUE,0
HUALTA HUALPAN,0
JUTIMPAMPA,0
HIJADERO,0
PICHUYCHANCA,0
PIRQUIHUALLE,0
GUESPUN,0
HUAYLAHUALPAN,0
SURA,0
YAROCOYAN,0
KEORACK,0
BAÑOS,0
MICROPAJATO,0
OGUCUTA,0
CHILCAS,0
LLAHUARCOCHA,0
PUCALLACO,0
RUCUCANCHA,0
SHIRIPATA,0
RIRPANGA,0
YANASQUI,0
UMSHA,0
CURUCUTA,0
RUCO GRANDE,0
HUCHPA DE JANQUIL,0
CHICLA,0
CUTA,0
ARAICO,0
YARUSH,0
PATI,0
HUAGURO,0
CHANQUILLO,0
HACIENDA OTUTO,0
ATLA,0
SHAMPORAGRA,0
PISHTAG HUASCAR,0
HACIENDA JAPICHACA,0
HIDRO PATON,0
YANAHOLO,0
MITUCHALA,0
OCAPATA,0
PATON CHICO,0
TAULISH,0
ATOG HUAYIN,0
PATACANCHAI,0
JAYACANCHA,0
CEBOLLA RAGRA,0
SAGRAMACHAY,0
AUQUIN,0
CUTAMACHAY,0
RANGRAVAQUERIA,0
GASGAHUACHIN,0
JARACOTO,0
TUMSHO,0
YANARAGRA,0
ANGUSH,0
MARECUTA,0
TINQUICOCHA,0
POMACANCHA,0
JACAYRANCRA,0
RAQUINA,0
HUEKICHI,0
CUNYAHUILCA,0
CARCAPATA,0
JONGO,0
CHIRIC,0
CULLQUIPATA,0
ALHUAPAMPA,0
UCRUSCHACA,0
CONDORHUAIN,0
HUANCAYOC,0
AIRA,0
PISHGOPATA,0
ANTAHUANCAN,0
ESGUIRACOCHA,0
ISCAYCORRAL,0
RUMIPAMPA,0
UCHPA,0
CARCAPELANAN,0
HUARUPAMPA,0
GENGE CHICO,0
COCHAPATA,0
VERDE PATA,0
RUMIATUNA,0
RUMBRO,0
GARBAMSOPATA,0
SAN SEBASTIAN DE TINTA,0
QUIÑAY,0
CAURIPARAQUI,0
SHACSHAHUARANGA,0
HUASHWA,0
MATACUTA,0
PUCA RANGRA,0
PAMPA LLANOS,0
DOÑA MARIA,0
PAMPA CENIZAL,0
ANDREA,0
PAMPA VINAGRILLO,0
CERRO DE AGUA,0
DANIELA,0
SAN AGUSTIN,0
YERBA BUENA,0
ROCIO,0
TORRE BLANCA,0
PAMPA DON LUIS,0
LOS TRIGALES,0
CALI,0
FUNDO DOBLE B,0
ORRANTA LA GRAN CHAPARRAL,0
FUNDO MONSERRAT,0
SAN JOSE CHICO,0
LA PALMA (LAS FLORES),0
GANZO AZUL,0
FUNDO SANTA MARIA,0
SANTA ISABEL (SAN ANDRES)(FUNDO SANTA ISABEL),0
PLAYA CHICA,0
ALAMO (LA TUNA),0
OCHOCIENTOS (SANTA ROSINA),0
TOPAYA,0
LA MINA,0
PAMPA DE GASPAR,0
HUAMILANCHE,0
QUICHES ALTO,0
LA CRUZ DE ANDAHUASI,0
ANDAHUASI (COOPERATIVA),0
EL PLATANAL,0
SAN BORJA,0
MANI BAJO,0
COSTA VERDE,0
BUENAVISTA,0
SAN MARTIN,0
SAN GERONIMO BAJO,0
QUEBRADA DEL COCHINO,0
VALMO,0
SAN MIGUEL DE ARCA ANGEL,0
CHIMBILILLO,0
TABLADA BAJA,0
SAN JOSE BAJO (SAN JOSE),0
TABLADA INTERMEDIA,0
CHIQUIQUINTA (CHIQUIQUINTAY),0
MANCO CAPAC (EL CARMEN),0
MINA PALLAC,0
SARAPE,0
HUMILDAD Y PACIENCIA,0
TRES PUENTES,0
LA CORUÑA,0
SANTA TERESA ALTA,0
LORETO,0
MANCHANCHACA PARADA,0
QUICHA,0
VIÑA DEL MAR,0
FUNDO SAN JORGE,0
MARCACOTO,0
LACSHAMATA,0
EL TRIUNFO (PROGRESO),0
ACOPARAC,0
QUILKA,0
HUASCAYA,0
CAPIA LA CAMPIÑA,0
PEDREGAL (SAN PEDRO),0
YANACORRAL,0
RONTOY,0
LURICACA CHACRA VALIENTE,0
GUARANCAYOC CHICO,0
TUMAJATO,0
NUESTRA SEÑORA DE GUADALUPE,0
TALCAPAMPA (TOYAPAMPA),0
GUARANCAYOC GRANDE,0
SANTA CRUZ (LA CUEVA),0
CHINCHALTA,0
CHULOC,0
HUANTAYTAMA,0
SANTA TERESA (TRES MARIAS),0
HUANCAPALCA,0
JUCUL,0
HUAMPUTAMA (PUMATAMA),0
YARUCHINCHAN (SAN PEDRO YARUCHINCHAN),0
JOSE CARLOS MARIATEGUI,0
SHOGALAN,0
PARATAMA,0
YAU YAU,0
PISGUEY,0
PACHOGUAJIN,0
YARU,0
PUENTE HAUCA,0
QUICHUA,0
ANYAC,0
NINAPAMPA,0
MOLINO,0
MARAYNIYOC,0
LITAGUAYONGA,0
NUEVO PROGRESO,0
PAMPA GRANDE HUALLARANGA,0
GALLO CANTANAN,0
UCRO,0
PACCHAC,0
HUARANGUITO,0
LANLAN,0
HUALLOTAMA,0
MITUCHACA,0
NICLINCA,0
ANTAPAYA,0
ACO,0
PUÑON,0
ANCAS,0
TICTICPATA,0
SHUNTURAGRA,0
ARENAL,0
COCHACANCHA,0
PUPUYA CHICA,0
QUIÑORA,0
HUANCACHUICO,0
PAURIN,0
EL ROSARIO,0
SHULPO,0
BACARRUNI,0
PUTAGA,0
YACANCA PANHUAY,0
LUPIQ,0
HUANCOY BAJO,0
HUANCAR,0
TONGOS,0
INTIRRUMI,0
SHANCAPATA PARACAS,0
TAULE,0
SANCOS SIGLOS CHICO,0
LANCHA,0
CHURURO,0
HUACAN,0
CHULUIPATA,0
MEMBRILLOPATA,0
PIEDRA CANDELA,0
CHINSHAGA (CHINCHANGA),0
OBRAJE,0
SANTA EULALIA,0
EL AHORCADO (SANTA ROSA),0
EL CHAPARRAL,0
TIWINZA,0
SANTA CONSTANSA,0
DON ALBERTO (CASA BLANCA),0
SAN JAVIER,0
PAMPA YARO,0
SANTA RUFINA,0
CONDORES,0
SANTA ANITA LUIS PARDO,0
DARIO ADOLFO,0
CLEMENTE,0
LA ARRINCONADA,0
FUNDO ROMAN,0
SANTA CECILIA,0
ROY MARTIN,0
EL ESCORPIO,0
FUNDO EL MILAGRO,0
RIO BRAVO,0
EL CORCOBADO,0
CRUCE,0
IWANCO,0
HARAS VALAREZO,0
ORTEGA,0
LOS CHINOS (STA. VIRGINIA),0
LOS ANDES,0
AGRAVES,0
LOS MEDANOS (MARGARET),0
LA MERCED,0
YURAC SHALA,0
CERRO COLORADO,0
PICHUPAMPA ALTO SANTA ANA,0
ASHALAY,0
GASHGALIN,0
HISPAC,0
SACSARHUANCA,0
YACHAPACOG,0
LA PERLITA (LA PERLA),0
JACRAPAMPA,0
LA MURALLA,0
PUCA TAMBO,0
HUAMBOY,0
TAMBO GRANDE,0
LA RINCONADA,0
HUARIPARASH,0
QUINTA PALMERAS,0
PAMPA INDUSTRIAS,0
WIRACOCHA,0
SANTA FE,0
GUAHURUYOC,0
ANCO,0
SANTA YOLANDA (FUNDO YOLANDA),0
YUZURIHA,0
HUAICHAY TAYCHANA,0
MIRAMAR BAJO,0
OSCAR,0
MIRAFLORES LACSANGA,0
SAN JOSE DE TIROLER,0
AGU PATA,0
TOLDO,0
ANTACANCHA,0
QUINTA MAZO,0
LACSHAGALLAN,0
SINCHI 3 L,0
TARPUY,0
MILVA TAJSHANAN,0
ANTA HUCRUN,0
MIRAMAR ALTO (FLORES DE OLIVO),0
BARRANCO,0
LAS PLUMAS,0
SAN JUAN 1,0
SINCHI,0
CASHAG,0
CASHAJIRCA,0
GAUGAURO,0
VALCAY COCHA,0
LAIGUAN,0
ABUR,0
MAYORGA,0
HUCRUCANCHA,0
ESTEBAN,0
LLACSHAMAY,0
MIRAGUA,0
SANTA FELICITA,0
JATUSH,0
CARENGA,0
MONTE CHILACACA,0
KONTUY,0
AYSHAQUIPO,0
VIRGEN DE FATIMA,0
TOSHI,0
HUANCATAMA,0
BAÑOS,0
SAN JUAN ALTO,0
PAMPA SANTA URSULA,0
LAS MARAS,0
LLAQUIN,0
CULCUYCANCHA,0
COLLAJ,0
LA CABAÑA (SAN LAUREN),0
SAN LORENZO,0
RACUAY,0
POCALLACU,0
ALLAUCAPATA,0
ACHAGO,0
ALULUYOC,0
MULLUCUN,0
PACUTAPUN,0
UPIAJ,0
YANARANGRA,0
LUTACOCHA,0
MAYOBAMBA,0
CANIN,0
SAN ANDRES DE HUACAR (SAN JUAN DE HUACAR),0
CHINCHAGA,0
TUMARAY,0
PALENQUE,0
PIAZA,0
SANCOS SIGLOS GRANDE,0
ACOCOTO,0
SHEGUIPAMPA (RINCONADA),0
ULUNTE,0
MARCUPAMPA,0
HUANTE,0
PASAPUQUIO,0
PIRIUYA,0
HUALANCAYOJ,0
TORRIGIRCA,0
SEQUIA GRANDE,0
CONTUYOC GANTUYOC,0
QUILHUAY,0
PUIGANGOTO,0
LASCAMAYO TAMBON,0
CACHIR,0
PLATO QUEBRADO,0
CALANGUIA,0
TASLA CHICA,0
SANSANGUIA,0
TUMAN,0
CASHAHUTO,0
HUALLAN,0
ARENAL PAMPA,0
ARINCHAI,0
